고객ID,고객명,연락처,이메일,가입일,고객등급,누적구매액,주소
CUST00001,한서연,010-8048-2624,customer1@email.com,2023-08-22,Silver,3948693,서울시 강동구
CUST00002,김세미,010-2874-4522,customer2@email.com,2022-08-27,Bronze,4678238,서울시 용산구
CUST00003,정은지,010-8046-8398,customer3@email.com,2022-06-13,VIP,4137776,서울시 서초구
CUST00004,최지호,010-4743-7779,customer4@email.com,2022-04-13,Silver,2104168,서울시 용산구
CUST00005,오서연,010-6553-8430,customer5@email.com,2022-09-11,Silver,4110912,서울시 서초구
CUST00006,한세미,010-7532-7815,customer6@email.com,2023-11-04,Bronze,4611732,서울시 서초구
CUST00007,권태희,010-2557-6120,customer7@email.com,2022-09-04,VIP,4985211,서울시 강남구
CUST00008,이유미,010-7992-6120,customer8@email.com,2022-09-30,VIP,2279996,서울시 강동구
CUST00009,조민준,010-5176-7132,customer9@email.com,2023-07-01,Silver,1700396,서울시 용산구
CUST00010,김서연,010-3500-8770,customer10@email.com,2022-02-27,Gold,3411149,서울시 용산구
CUST00011,최은지,010-2099-2494,customer11@email.com,2022-08-13,Silver,222402,서울시 송파구
CUST00012,장유미,010-2398-2527,customer12@email.com,2023-08-13,Silver,1266588,서울시 용산구
CUST00013,김태희,010-8075-2582,customer13@email.com,2023-02-02,Silver,4732965,서울시 강동구
CUST00014,최세미,010-7105-3131,customer14@email.com,2022-12-30,Silver,2596081,서울시 강동구
CUST00015,한세미,010-1982-6400,customer15@email.com,2022-06-27,Bronze,2777618,서울시 용산구
CUST00016,장현준,010-3002-7730,customer16@email.com,2022-06-30,VIP,4867999,서울시 서초구
CUST00017,최수진,010-6793-7929,customer17@email.com,2022-08-31,Bronze,4757860,서울시 송파구
CUST00018,임준호,010-1842-5712,customer18@email.com,2023-08-30,Bronze,675278,서울시 강동구
CUST00019,서지연,010-6119-6761,customer19@email.com,2022-11-22,Bronze,1278049,서울시 송파구
CUST00020,김준영,010-2697-9313,customer20@email.com,2023-12-16,Silver,3180201,서울시 송파구
CUST00021,서지호,010-4485-3535,customer21@email.com,2023-01-03,Gold,4772311,서울시 강동구
CUST00022,오현준,010-8900-4674,customer22@email.com,2023-08-29,VIP,3662737,서울시 서초구
CUST00023,강준호,010-2773-6736,customer23@email.com,2022-01-29,Gold,3564442,서울시 서초구
CUST00024,박은지,010-7022-2882,customer24@email.com,2023-12-22,Bronze,1374732,서울시 강동구
CUST00025,서혜진,010-5564-4705,customer25@email.com,2023-12-19,Bronze,3414692,서울시 용산구
CUST00026,이서연,010-8030-1430,customer26@email.com,2022-12-27,Gold,4293398,서울시 용산구
CUST00027,조서연,010-5381-1474,customer27@email.com,2023-08-05,Gold,4819607,서울시 송파구
CUST00028,강지연,010-3955-5477,customer28@email.com,2023-08-01,Gold,1210389,서울시 용산구
CUST00029,강유미,010-6062-6567,customer29@email.com,2022-05-26,Bronze,127712,서울시 송파구
CUST00030,정준영,010-6751-1100,customer30@email.com,2023-07-31,Bronze,4171647,서울시 용산구
CUST00031,김세미,010-3972-3347,customer31@email.com,2022-07-12,VIP,4012942,서울시 서초구
CUST00032,윤태희,010-7566-2140,customer32@email.com,2023-05-20,VIP,212816,서울시 서초구
CUST00033,이민수,010-3324-1502,customer33@email.com,2023-07-10,Bronze,1735156,서울시 서초구
CUST00034,조서연,010-2503-9691,customer34@email.com,2022-11-13,Gold,235230,서울시 용산구
CUST00035,장준호,010-4524-7163,customer35@email.com,2022-06-29,Gold,1866616,서울시 송파구
CUST00036,신동욱,010-7878-8432,customer36@email.com,2023-05-18,VIP,4563418,서울시 송파구
CUST00037,임민수,010-6585-3578,customer37@email.com,2022-02-08,Bronze,1483194,서울시 서초구
CUST00038,신혜진,010-7062-6105,customer38@email.com,2022-04-03,VIP,3201360,서울시 서초구
CUST00039,임은지,010-6314-2391,customer39@email.com,2022-02-27,VIP,1981548,서울시 용산구
CUST00040,오서연,010-1861-3549,customer40@email.com,2022-08-27,Silver,4445760,서울시 용산구
CUST00041,김동욱,010-3579-1815,customer41@email.com,2023-09-09,Silver,3351298,서울시 송파구
CUST00042,최준영,010-2336-5458,customer42@email.com,2022-08-13,Silver,4565150,서울시 강남구
CUST00043,정서연,010-8259-7947,customer43@email.com,2022-01-21,Gold,100404,서울시 송파구
CUST00044,신은지,010-8957-8242,customer44@email.com,2023-06-24,Bronze,4997590,서울시 용산구
CUST00045,신서연,010-7785-5475,customer45@email.com,2023-05-05,Bronze,1423483,서울시 강동구
CUST00046,조준호,010-4531-9394,customer46@email.com,2022-01-01,Bronze,1822320,서울시 용산구
CUST00047,윤동욱,010-2864-6655,customer47@email.com,2022-12-06,Bronze,2432517,서울시 용산구
CUST00048,신혜진,010-8043-2816,customer48@email.com,2023-09-21,Silver,4637090,서울시 강동구
CUST00049,박혜진,010-5640-8972,customer49@email.com,2022-07-26,Gold,3296340,서울시 용산구
CUST00050,강은지,010-9633-6053,customer50@email.com,2022-05-14,Gold,263273,서울시 송파구
CUST00051,한준호,010-1744-4612,customer51@email.com,2022-12-15,Silver,3954418,서울시 강동구
CUST00052,오민수,010-7475-1897,customer52@email.com,2024-01-05,Gold,3752692,서울시 강남구
CUST00053,한동욱,010-1125-4349,customer53@email.com,2022-07-01,Silver,1187341,서울시 용산구
CUST00054,이유미,010-5938-4460,customer54@email.com,2022-11-28,Bronze,4077266,서울시 강남구
CUST00055,한지호,010-3248-5186,customer55@email.com,2022-03-02,Silver,3131756,서울시 강남구
CUST00056,장세미,010-5742-6375,customer56@email.com,2022-01-23,Bronze,943523,서울시 강동구
CUST00057,최지호,010-2965-1126,customer57@email.com,2022-06-01,Bronze,646237,서울시 서초구
CUST00058,윤현준,010-9149-8055,customer58@email.com,2023-08-24,VIP,4995207,서울시 강남구
CUST00059,정민수,010-3878-3116,customer59@email.com,2023-12-23,Silver,4140479,서울시 강남구
CUST00060,한세미,010-7229-9725,customer60@email.com,2022-05-26,VIP,192193,서울시 서초구
CUST00061,장은지,010-4770-9196,customer61@email.com,2022-04-24,Silver,3281915,서울시 송파구
CUST00062,한혜진,010-6802-2180,customer62@email.com,2023-06-23,Silver,4800254,서울시 서초구
CUST00063,신준영,010-7505-1693,customer63@email.com,2023-01-09,VIP,1286887,서울시 송파구
CUST00064,서민준,010-8147-1307,customer64@email.com,2022-03-16,VIP,3108038,서울시 송파구
CUST00065,최지연,010-8532-2275,customer65@email.com,2023-01-18,Silver,608153,서울시 서초구
CUST00066,김준영,010-6129-8033,customer66@email.com,2023-12-23,Gold,3434817,서울시 강남구
CUST00067,강현준,010-7626-7843,customer67@email.com,2023-11-10,Bronze,3682069,서울시 송파구
CUST00068,정서연,010-5743-2887,customer68@email.com,2023-02-10,VIP,2815514,서울시 서초구
CUST00069,최민수,010-7636-1341,customer69@email.com,2023-08-24,Bronze,4981713,서울시 용산구
CUST00070,임민수,010-6321-3815,customer70@email.com,2022-04-14,Gold,2758571,서울시 강남구
CUST00071,오혜진,010-8538-6928,customer71@email.com,2022-12-11,Gold,4934357,서울시 송파구
CUST00072,최동욱,010-2443-8155,customer72@email.com,2022-11-06,Gold,1779748,서울시 강동구
CUST00073,윤현준,010-2734-4986,customer73@email.com,2022-11-27,VIP,2323069,서울시 강남구
CUST00074,권민수,010-8138-7560,customer74@email.com,2022-05-20,Gold,3545498,서울시 용산구
CUST00075,한수진,010-9584-2288,customer75@email.com,2022-06-11,VIP,4992472,서울시 용산구
CUST00076,박준호,010-7484-6083,customer76@email.com,2024-01-20,Gold,581680,서울시 서초구
CUST00077,박은지,010-6562-4630,customer77@email.com,2023-03-24,Bronze,2736694,서울시 용산구
CUST00078,오태희,010-6456-3754,customer78@email.com,2023-10-17,Bronze,3061293,서울시 강동구
CUST00079,장준호,010-2251-9363,customer79@email.com,2023-05-14,Silver,4200673,서울시 서초구
CUST00080,오유미,010-2868-9693,customer80@email.com,2023-10-27,Bronze,1634026,서울시 용산구
CUST00081,조민수,010-9355-4176,customer81@email.com,2022-11-21,Silver,415826,서울시 송파구
CUST00082,임현준,010-6724-6752,customer82@email.com,2022-06-28,Bronze,3567366,서울시 강남구
CUST00083,강은지,010-3419-4871,customer83@email.com,2023-12-26,VIP,427359,서울시 강동구
CUST00084,박태희,010-2684-3399,customer84@email.com,2023-07-30,Bronze,3848603,서울시 강동구
CUST00085,윤서연,010-5193-4232,customer85@email.com,2023-12-12,Silver,4301253,서울시 강동구
CUST00086,서민준,010-3842-3504,customer86@email.com,2023-09-21,Silver,2960337,서울시 송파구
CUST00087,신서연,010-2234-3902,customer87@email.com,2023-01-01,Gold,417537,서울시 용산구
CUST00088,박동욱,010-9095-8601,customer88@email.com,2022-08-17,VIP,650222,서울시 강남구
CUST00089,박준영,010-8354-6295,customer89@email.com,2023-11-13,Bronze,2673619,서울시 강남구
CUST00090,한현준,010-6179-3473,customer90@email.com,2023-08-27,Gold,2553752,서울시 송파구
CUST00091,임서연,010-8205-2118,customer91@email.com,2022-06-29,Bronze,1464133,서울시 서초구
CUST00092,조현준,010-8682-8245,customer92@email.com,2023-01-23,Bronze,2032247,서울시 용산구
CUST00093,임수진,010-5961-5500,customer93@email.com,2022-11-11,Gold,1453038,서울시 강동구
CUST00094,장준호,010-1920-6766,customer94@email.com,2023-12-07,Gold,350875,서울시 서초구
CUST00095,장지연,010-9312-2215,customer95@email.com,2022-10-29,Gold,4757693,서울시 송파구
CUST00096,김동욱,010-6085-8565,customer96@email.com,2022-05-11,Gold,4364694,서울시 용산구
CUST00097,오서연,010-8404-1616,customer97@email.com,2022-07-01,Gold,807689,서울시 용산구
CUST00098,한민수,010-1932-7041,customer98@email.com,2024-01-17,Bronze,4547794,서울시 용산구
CUST00099,장준영,010-5703-2257,customer99@email.com,2022-01-02,Gold,1715952,서울시 서초구
CUST00100,정준영,010-2479-9307,customer100@email.com,2023-12-20,VIP,1396516,서울시 서초구
CUST00101,한혜진,010-7299-8581,customer101@email.com,2023-08-10,Silver,2630179,서울시 송파구
CUST00102,이준호,010-1672-8368,customer102@email.com,2023-02-05,Gold,1656617,서울시 강동구
CUST00103,조지호,010-4084-6267,customer103@email.com,2023-08-05,Gold,3563351,서울시 서초구
CUST00104,윤민준,010-8792-9214,customer104@email.com,2022-02-03,Bronze,1365040,서울시 강남구
CUST00105,오민수,010-3471-2013,customer105@email.com,2022-07-06,Gold,1954971,서울시 서초구
CUST00106,오준호,010-8381-2695,customer106@email.com,2023-09-09,Gold,750199,서울시 서초구
CUST00107,장준영,010-6626-2381,customer107@email.com,2022-11-22,Gold,4134628,서울시 용산구
CUST00108,박태희,010-9266-3827,customer108@email.com,2023-09-19,Bronze,1949396,서울시 강남구
CUST00109,권서연,010-1641-5059,customer109@email.com,2022-08-15,Gold,2791276,서울시 강동구
CUST00110,신동욱,010-8172-8199,customer110@email.com,2023-10-17,Silver,728861,서울시 강남구
CUST00111,정지연,010-9586-9564,customer111@email.com,2023-08-03,Bronze,2626954,서울시 강동구
CUST00112,한태희,010-3600-6962,customer112@email.com,2022-04-17,Silver,761614,서울시 송파구
CUST00113,임은지,010-7108-5634,customer113@email.com,2023-05-24,Bronze,4973878,서울시 용산구
CUST00114,박혜진,010-7347-7697,customer114@email.com,2022-05-25,Gold,4793174,서울시 송파구
CUST00115,서지호,010-6543-1857,customer115@email.com,2022-12-06,Silver,3457519,서울시 서초구
CUST00116,장준영,010-6482-2079,customer116@email.com,2022-03-21,Bronze,766997,서울시 서초구
CUST00117,권태희,010-6401-2548,customer117@email.com,2022-09-01,VIP,1826351,서울시 용산구
CUST00118,권민준,010-7333-5655,customer118@email.com,2022-12-22,Gold,1172647,서울시 송파구
CUST00119,임혜진,010-5128-3463,customer119@email.com,2022-11-24,Bronze,1731107,서울시 강남구
CUST00120,윤민준,010-6461-2335,customer120@email.com,2022-06-21,VIP,1128455,서울시 송파구
CUST00121,이민수,010-3317-6731,customer121@email.com,2023-10-14,Bronze,1405794,서울시 강동구
CUST00122,강민수,010-6082-7421,customer122@email.com,2022-04-01,VIP,2050367,서울시 서초구
CUST00123,신준영,010-3112-2388,customer123@email.com,2023-12-27,Gold,2010705,서울시 강남구
CUST00124,정은지,010-6072-7171,customer124@email.com,2023-11-18,Silver,1701596,서울시 서초구
CUST00125,김은지,010-6381-3093,customer125@email.com,2023-10-17,VIP,3891481,서울시 송파구
CUST00126,권유미,010-9624-2531,customer126@email.com,2024-01-17,Bronze,4250276,서울시 용산구
CUST00127,이서연,010-7937-9331,customer127@email.com,2022-12-10,Gold,2482357,서울시 강남구
CUST00128,오수진,010-6928-1298,customer128@email.com,2023-04-03,VIP,3587124,서울시 용산구
CUST00129,신서연,010-6940-6060,customer129@email.com,2022-01-12,Bronze,2345131,서울시 송파구
CUST00130,서태희,010-3953-4509,customer130@email.com,2022-09-29,Bronze,4346049,서울시 강동구
CUST00131,서지호,010-6598-8967,customer131@email.com,2022-08-03,Bronze,191865,서울시 용산구
CUST00132,박동욱,010-4145-4711,customer132@email.com,2022-09-13,VIP,4144588,서울시 용산구
CUST00133,윤태희,010-3253-3538,customer133@email.com,2023-12-11,VIP,1172200,서울시 송파구
CUST00134,박준호,010-2264-5846,customer134@email.com,2022-03-11,VIP,2220473,서울시 강남구
CUST00135,장지연,010-2657-9317,customer135@email.com,2022-12-25,Silver,2600856,서울시 송파구
CUST00136,임현준,010-9843-9626,customer136@email.com,2022-09-20,VIP,3006158,서울시 용산구
CUST00137,최민수,010-1618-6517,customer137@email.com,2022-04-21,VIP,4168472,서울시 서초구
CUST00138,장준영,010-3147-7172,customer138@email.com,2024-01-08,VIP,1322869,서울시 서초구
CUST00139,오세미,010-3527-3658,customer139@email.com,2022-01-02,Silver,2383869,서울시 용산구
CUST00140,최세미,010-3962-3712,customer140@email.com,2022-02-19,VIP,3225354,서울시 강남구
CUST00141,정현준,010-8170-1715,customer141@email.com,2023-01-31,Bronze,4182494,서울시 용산구
CUST00142,한동욱,010-7731-6968,customer142@email.com,2023-03-25,VIP,1529551,서울시 서초구
CUST00143,강수진,010-4891-8277,customer143@email.com,2024-01-21,Bronze,2381020,서울시 강동구
CUST00144,권태희,010-5668-8355,customer144@email.com,2023-03-06,Bronze,2856944,서울시 용산구
CUST00145,윤서연,010-4833-9749,customer145@email.com,2022-06-20,Bronze,4882883,서울시 용산구
CUST00146,최은지,010-4918-6070,customer146@email.com,2023-02-28,Silver,2387623,서울시 강동구
CUST00147,이혜진,010-8684-4178,customer147@email.com,2023-05-20,Silver,1014032,서울시 강남구
CUST00148,김유미,010-7026-8218,customer148@email.com,2023-01-23,Silver,4082588,서울시 송파구
CUST00149,장은지,010-8564-5616,customer149@email.com,2022-12-26,VIP,1667438,서울시 서초구
CUST00150,임은지,010-7256-9239,customer150@email.com,2023-07-14,Bronze,1017559,서울시 서초구
CUST00151,김서연,010-9641-7859,customer151@email.com,2023-01-20,Silver,735605,서울시 송파구
CUST00152,오동욱,010-3655-4271,customer152@email.com,2022-04-14,Silver,4683897,서울시 송파구
CUST00153,김은지,010-3267-5096,customer153@email.com,2023-05-06,VIP,915131,서울시 송파구
CUST00154,이민수,010-1854-8873,customer154@email.com,2023-08-15,Silver,167661,서울시 송파구
CUST00155,김지연,010-7081-2680,customer155@email.com,2023-10-29,VIP,2178007,서울시 서초구
CUST00156,강서연,010-9452-3042,customer156@email.com,2023-12-05,Gold,1407506,서울시 용산구
CUST00157,장은지,010-5670-2374,customer157@email.com,2022-08-19,Silver,2071206,서울시 용산구
CUST00158,정동욱,010-3626-5469,customer158@email.com,2022-06-16,Gold,3001614,서울시 강동구
CUST00159,윤은지,010-8361-9410,customer159@email.com,2023-04-08,VIP,3066422,서울시 용산구
CUST00160,장지호,010-3414-8167,customer160@email.com,2022-03-17,Bronze,3808654,서울시 강남구
CUST00161,오민수,010-2502-4637,customer161@email.com,2022-02-04,Silver,218033,서울시 강남구
CUST00162,권유미,010-8391-6727,customer162@email.com,2022-10-29,VIP,730265,서울시 송파구
CUST00163,임수진,010-1436-7797,customer163@email.com,2022-01-21,Bronze,2810309,서울시 강동구
CUST00164,최준영,010-1872-7495,customer164@email.com,2022-11-23,Bronze,3018258,서울시 서초구
CUST00165,윤준영,010-9224-7126,customer165@email.com,2022-09-25,Gold,1315502,서울시 용산구
CUST00166,조은지,010-4862-7326,customer166@email.com,2022-04-18,VIP,4726038,서울시 용산구
CUST00167,이서연,010-2337-7142,customer167@email.com,2022-03-17,Bronze,1521796,서울시 서초구
CUST00168,한현준,010-4678-1461,customer168@email.com,2022-12-17,Silver,2862779,서울시 강남구
CUST00169,강현준,010-6221-2623,customer169@email.com,2022-06-24,Silver,2419049,서울시 송파구
CUST00170,조수진,010-6493-3392,customer170@email.com,2023-01-20,Gold,3820464,서울시 강동구
CUST00171,신세미,010-3254-1627,customer171@email.com,2022-06-14,Bronze,2292614,서울시 강남구
CUST00172,김동욱,010-5700-8740,customer172@email.com,2024-01-20,VIP,870173,서울시 강동구
CUST00173,한동욱,010-3273-8685,customer173@email.com,2022-03-18,Silver,2769355,서울시 송파구
CUST00174,이민준,010-8349-1086,customer174@email.com,2023-07-15,Bronze,3512504,서울시 용산구
CUST00175,조세미,010-2298-1311,customer175@email.com,2022-04-06,Bronze,4953260,서울시 송파구
CUST00176,강준영,010-5193-4533,customer176@email.com,2022-12-13,Gold,567010,서울시 강남구
CUST00177,신서연,010-3449-9991,customer177@email.com,2023-09-01,Silver,1755016,서울시 용산구
CUST00178,최은지,010-9647-7934,customer178@email.com,2023-09-21,Silver,1797900,서울시 송파구
CUST00179,최태희,010-2821-5720,customer179@email.com,2023-05-10,VIP,4680497,서울시 용산구
CUST00180,윤지호,010-4893-5934,customer180@email.com,2023-12-23,Silver,4321038,서울시 용산구
CUST00181,조지호,010-2996-1782,customer181@email.com,2022-02-01,VIP,1023875,서울시 강동구
CUST00182,정수진,010-4906-7878,customer182@email.com,2023-03-18,Silver,2223221,서울시 강동구
CUST00183,최지연,010-8489-2029,customer183@email.com,2023-11-01,Gold,3980993,서울시 강남구
CUST00184,권서연,010-2816-9189,customer184@email.com,2022-06-18,Silver,4831502,서울시 송파구
CUST00185,윤준영,010-9782-1269,customer185@email.com,2023-09-14,VIP,2668103,서울시 서초구
CUST00186,신지연,010-9443-4963,customer186@email.com,2023-03-21,VIP,181264,서울시 송파구
CUST00187,장서연,010-3352-5772,customer187@email.com,2022-06-10,Gold,123275,서울시 용산구
CUST00188,김동욱,010-8032-1025,customer188@email.com,2022-02-24,Silver,2793714,서울시 강남구
CUST00189,장지연,010-6780-4941,customer189@email.com,2022-04-14,Silver,2560072,서울시 강남구
CUST00190,김서연,010-7825-4068,customer190@email.com,2022-12-06,Gold,672735,서울시 서초구
CUST00191,권준영,010-2402-9576,customer191@email.com,2022-07-30,Silver,2100609,서울시 용산구
CUST00192,신은지,010-6908-2108,customer192@email.com,2022-07-14,Silver,1012826,서울시 용산구
CUST00193,박현준,010-9618-9914,customer193@email.com,2023-02-24,VIP,2797143,서울시 강남구
CUST00194,윤수진,010-9312-9316,customer194@email.com,2023-12-15,Silver,962522,서울시 강남구
CUST00195,최지연,010-1333-7397,customer195@email.com,2023-07-22,Silver,903692,서울시 서초구
CUST00196,조민수,010-8702-1713,customer196@email.com,2024-01-10,Gold,1261157,서울시 서초구
CUST00197,김지호,010-7338-7116,customer197@email.com,2024-01-18,Gold,1414532,서울시 강동구
CUST00198,조민준,010-5155-1266,customer198@email.com,2023-07-08,Bronze,521240,서울시 강남구
CUST00199,조준호,010-6850-2106,customer199@email.com,2022-09-29,VIP,3959744,서울시 서초구
CUST00200,권준영,010-6649-4950,customer200@email.com,2023-11-08,Silver,1044789,서울시 용산구
CUST00201,서수진,010-2698-6447,customer201@email.com,2022-10-16,Silver,3207092,서울시 강동구
CUST00202,정현준,010-3185-1726,customer202@email.com,2022-11-01,Bronze,2313573,서울시 강남구
CUST00203,오세미,010-6772-9945,customer203@email.com,2022-09-01,Silver,625893,서울시 서초구
CUST00204,서태희,010-6546-3868,customer204@email.com,2022-04-09,VIP,2355363,서울시 강남구
CUST00205,한세미,010-8612-8840,customer205@email.com,2022-02-20,Bronze,4481514,서울시 강동구
CUST00206,윤지호,010-3986-3209,customer206@email.com,2023-02-07,VIP,4248887,서울시 송파구
CUST00207,최준호,010-2033-8498,customer207@email.com,2023-08-09,Bronze,1307094,서울시 강남구
CUST00208,최민준,010-1605-5807,customer208@email.com,2023-07-17,Bronze,2321192,서울시 강남구
CUST00209,임세미,010-4302-1717,customer209@email.com,2023-05-18,Gold,768406,서울시 강남구
CUST00210,장민준,010-4268-1686,customer210@email.com,2022-06-07,VIP,3768866,서울시 강남구
CUST00211,오혜진,010-6170-6080,customer211@email.com,2022-02-25,Silver,4712338,서울시 서초구
CUST00212,김민준,010-9444-7524,customer212@email.com,2023-01-05,Silver,2953406,서울시 송파구
CUST00213,임수진,010-9897-8756,customer213@email.com,2022-01-04,VIP,1133255,서울시 용산구
CUST00214,장민수,010-5150-1599,customer214@email.com,2023-03-14,Silver,3152766,서울시 강남구
CUST00215,신태희,010-4131-5687,customer215@email.com,2022-03-31,Silver,640677,서울시 용산구
CUST00216,박민준,010-6848-1783,customer216@email.com,2022-10-29,VIP,3194235,서울시 서초구
CUST00217,장서연,010-6438-5476,customer217@email.com,2023-11-09,Bronze,1271459,서울시 송파구
CUST00218,신지호,010-3039-7029,customer218@email.com,2023-10-03,VIP,2959653,서울시 강동구
CUST00219,이유미,010-8159-7553,customer219@email.com,2023-09-07,Bronze,2066197,서울시 강동구
CUST00220,이동욱,010-8204-7334,customer220@email.com,2023-05-07,Silver,487952,서울시 강동구
CUST00221,신은지,010-6554-4060,customer221@email.com,2022-07-24,Silver,2309373,서울시 강동구
CUST00222,조서연,010-9129-9151,customer222@email.com,2022-04-10,Silver,4247703,서울시 강동구
CUST00223,권유미,010-7018-9507,customer223@email.com,2022-01-27,Gold,1130117,서울시 송파구
CUST00224,최유미,010-5369-2353,customer224@email.com,2022-07-31,Bronze,2996818,서울시 강남구
CUST00225,임민준,010-7955-2293,customer225@email.com,2022-06-24,Gold,2457821,서울시 강동구
CUST00226,임서연,010-8055-3956,customer226@email.com,2023-10-16,Gold,625134,서울시 강남구
CUST00227,조동욱,010-9937-5813,customer227@email.com,2022-10-26,VIP,344761,서울시 용산구
CUST00228,임유미,010-6262-2680,customer228@email.com,2022-03-25,Gold,3030098,서울시 강남구
CUST00229,장혜진,010-2311-6372,customer229@email.com,2023-04-30,VIP,3071820,서울시 용산구
CUST00230,권준호,010-5843-6021,customer230@email.com,2022-04-29,VIP,164323,서울시 강남구
CUST00231,최동욱,010-8305-7981,customer231@email.com,2022-11-12,Gold,1337715,서울시 용산구
CUST00232,오혜진,010-3730-8272,customer232@email.com,2023-02-12,Bronze,1054480,서울시 강남구
CUST00233,최준호,010-6759-8325,customer233@email.com,2023-04-28,Bronze,2432811,서울시 강남구
CUST00234,조지호,010-1693-6776,customer234@email.com,2023-05-16,Bronze,954016,서울시 송파구
CUST00235,한동욱,010-8126-5498,customer235@email.com,2023-11-08,Bronze,964909,서울시 용산구
CUST00236,정수진,010-1939-2229,customer236@email.com,2022-09-29,Bronze,1150493,서울시 강남구
CUST00237,강민수,010-7655-6952,customer237@email.com,2022-04-04,Gold,382762,서울시 송파구
CUST00238,서민수,010-9406-3621,customer238@email.com,2023-10-20,Gold,1705118,서울시 송파구
CUST00239,이민준,010-1510-3339,customer239@email.com,2023-07-12,Silver,2983427,서울시 용산구
CUST00240,윤유미,010-8179-1570,customer240@email.com,2023-02-01,Bronze,1516012,서울시 강남구
CUST00241,임서연,010-3068-2101,customer241@email.com,2022-07-09,Gold,671650,서울시 송파구
CUST00242,이태희,010-4866-7001,customer242@email.com,2023-01-15,Silver,4576576,서울시 강동구
CUST00243,최태희,010-6933-7272,customer243@email.com,2023-01-26,Bronze,485925,서울시 강동구
CUST00244,정지호,010-1530-3513,customer244@email.com,2023-01-14,VIP,2963793,서울시 강동구
CUST00245,권혜진,010-8371-7077,customer245@email.com,2022-07-11,Silver,3857974,서울시 강남구
CUST00246,권서연,010-7095-8273,customer246@email.com,2023-04-02,Gold,503081,서울시 강동구
CUST00247,권은지,010-2259-3255,customer247@email.com,2022-02-15,VIP,2499105,서울시 서초구
CUST00248,강준호,010-9674-7012,customer248@email.com,2022-09-27,VIP,478892,서울시 용산구
CUST00249,박수진,010-7521-6150,customer249@email.com,2023-03-27,VIP,4299591,서울시 서초구
CUST00250,신태희,010-5566-5089,customer250@email.com,2023-04-22,Silver,3254240,서울시 서초구
CUST00251,오준호,010-2858-1424,customer251@email.com,2022-09-27,Gold,756702,서울시 강동구
CUST00252,임준영,010-4048-9176,customer252@email.com,2022-08-20,VIP,3354600,서울시 용산구
CUST00253,한태희,010-9482-7340,customer253@email.com,2022-10-03,Bronze,2085296,서울시 송파구
CUST00254,김동욱,010-2929-5288,customer254@email.com,2023-08-01,VIP,2290222,서울시 서초구
CUST00255,신태희,010-5264-8311,customer255@email.com,2022-03-05,VIP,3849783,서울시 송파구
CUST00256,정민수,010-4515-5678,customer256@email.com,2022-06-04,Silver,2819269,서울시 송파구
CUST00257,한서연,010-9047-4279,customer257@email.com,2023-12-15,Silver,4902116,서울시 강남구
CUST00258,권지호,010-3009-3223,customer258@email.com,2023-11-15,Gold,2424797,서울시 용산구
CUST00259,정서연,010-2213-8406,customer259@email.com,2022-04-10,Bronze,886667,서울시 용산구
CUST00260,권서연,010-3828-8292,customer260@email.com,2022-03-29,Silver,1453649,서울시 서초구
CUST00261,오태희,010-2438-6236,customer261@email.com,2023-11-16,VIP,1812503,서울시 강남구
CUST00262,박준호,010-6692-2063,customer262@email.com,2022-12-19,Gold,3085418,서울시 강남구
CUST00263,정유미,010-9882-5757,customer263@email.com,2023-07-09,VIP,3709736,서울시 강남구
CUST00264,최세미,010-5914-3580,customer264@email.com,2023-02-28,VIP,1484418,서울시 용산구
CUST00265,강은지,010-3852-6922,customer265@email.com,2023-08-27,Silver,486594,서울시 용산구
CUST00266,한동욱,010-9335-4673,customer266@email.com,2022-08-21,Gold,2969760,서울시 강동구
CUST00267,신준호,010-2988-4292,customer267@email.com,2023-07-21,Bronze,3906503,서울시 용산구
CUST00268,장수진,010-3275-4878,customer268@email.com,2022-03-04,Bronze,3937247,서울시 용산구
CUST00269,정민수,010-9094-1430,customer269@email.com,2023-02-01,Silver,1192501,서울시 강남구
CUST00270,권지연,010-6912-7044,customer270@email.com,2023-06-20,Silver,237023,서울시 송파구
CUST00271,김서연,010-8657-3126,customer271@email.com,2023-03-05,Gold,1235964,서울시 서초구
CUST00272,한현준,010-2412-2077,customer272@email.com,2023-07-03,Bronze,4826599,서울시 송파구
CUST00273,신준호,010-6067-7523,customer273@email.com,2023-12-05,Bronze,1583624,서울시 서초구
CUST00274,김민준,010-8842-9612,customer274@email.com,2023-05-02,Bronze,2255748,서울시 강동구
CUST00275,강준영,010-7730-7708,customer275@email.com,2023-08-10,VIP,2056109,서울시 용산구
CUST00276,박동욱,010-2208-3053,customer276@email.com,2022-08-30,Bronze,3145179,서울시 서초구
CUST00277,정지호,010-6194-2215,customer277@email.com,2023-05-03,VIP,4025282,서울시 서초구
CUST00278,오수진,010-8372-8632,customer278@email.com,2022-11-03,Gold,973172,서울시 서초구
CUST00279,장세미,010-9476-6644,customer279@email.com,2022-03-22,VIP,3785540,서울시 서초구
CUST00280,조태희,010-3102-3981,customer280@email.com,2023-02-09,Gold,622244,서울시 용산구
CUST00281,김서연,010-3114-8088,customer281@email.com,2024-01-02,Bronze,4973594,서울시 송파구
CUST00282,이민수,010-9238-1907,customer282@email.com,2022-02-05,Bronze,4163309,서울시 서초구
CUST00283,오민수,010-3034-9488,customer283@email.com,2023-05-30,Gold,1162636,서울시 강남구
CUST00284,박태희,010-3507-5982,customer284@email.com,2023-08-08,Silver,1886921,서울시 서초구
CUST00285,김지연,010-3697-3653,customer285@email.com,2023-06-14,Gold,929735,서울시 용산구
CUST00286,강유미,010-6286-4694,customer286@email.com,2023-08-09,Silver,3436007,서울시 강남구
CUST00287,장지호,010-6669-9501,customer287@email.com,2023-11-25,VIP,3930375,서울시 용산구
CUST00288,조지호,010-5653-2292,customer288@email.com,2023-09-28,VIP,4629788,서울시 강동구
CUST00289,김준호,010-5105-4216,customer289@email.com,2022-05-31,VIP,2662469,서울시 용산구
CUST00290,강민수,010-5496-3050,customer290@email.com,2022-05-04,Bronze,3186176,서울시 강남구
CUST00291,권준영,010-5961-9740,customer291@email.com,2023-04-05,VIP,3395374,서울시 송파구
CUST00292,신민준,010-2530-9234,customer292@email.com,2022-06-27,Silver,4983680,서울시 강남구
CUST00293,권혜진,010-3762-3526,customer293@email.com,2022-06-21,VIP,3781262,서울시 송파구
CUST00294,최동욱,010-3804-6531,customer294@email.com,2022-08-05,Gold,4733078,서울시 강남구
CUST00295,최동욱,010-1674-1464,customer295@email.com,2022-07-17,Gold,2709089,서울시 서초구
CUST00296,이혜진,010-2330-1744,customer296@email.com,2022-05-10,Bronze,2608749,서울시 용산구
CUST00297,서태희,010-5336-4453,customer297@email.com,2022-02-13,Gold,1014228,서울시 강동구
CUST00298,권지연,010-7825-1496,customer298@email.com,2023-03-10,Silver,1053959,서울시 송파구
CUST00299,조유미,010-9159-9938,customer299@email.com,2022-03-22,VIP,2289415,서울시 송파구
CUST00300,오지호,010-5745-5949,customer300@email.com,2023-12-01,Bronze,1727781,서울시 서초구
CUST00301,권민수,010-8912-5012,customer301@email.com,2023-03-22,VIP,3469538,서울시 서초구
CUST00302,최지연,010-7653-5873,customer302@email.com,2022-07-26,VIP,3342374,서울시 강남구
CUST00303,박준영,010-8430-2195,customer303@email.com,2023-10-05,Silver,445266,서울시 송파구
CUST00304,서지호,010-1981-3589,customer304@email.com,2022-06-01,Gold,4056679,서울시 용산구
CUST00305,권현준,010-8202-7809,customer305@email.com,2023-09-02,Gold,1638601,서울시 강남구
CUST00306,김지호,010-8933-8609,customer306@email.com,2022-09-22,VIP,2677855,서울시 서초구
CUST00307,오민수,010-4342-6573,customer307@email.com,2022-11-24,Bronze,3171475,서울시 송파구
CUST00308,강준영,010-3353-6121,customer308@email.com,2024-01-15,Gold,4637358,서울시 강동구
CUST00309,권현준,010-6231-6658,customer309@email.com,2022-03-10,Bronze,4103484,서울시 강동구
CUST00310,서동욱,010-7532-3142,customer310@email.com,2022-03-31,Gold,1207955,서울시 송파구
CUST00311,신세미,010-7070-9437,customer311@email.com,2023-02-02,Bronze,3902010,서울시 용산구
CUST00312,서은지,010-2739-6228,customer312@email.com,2023-07-24,Silver,2032728,서울시 송파구
CUST00313,정지호,010-4960-8642,customer313@email.com,2023-02-11,Bronze,1999492,서울시 용산구
CUST00314,서세미,010-3007-5382,customer314@email.com,2023-07-20,Silver,2461632,서울시 서초구
CUST00315,이현준,010-8366-5061,customer315@email.com,2022-11-30,Silver,1514397,서울시 용산구
CUST00316,신민준,010-3308-2586,customer316@email.com,2022-10-10,Bronze,3277993,서울시 용산구
CUST00317,신수진,010-1829-5754,customer317@email.com,2023-06-17,Silver,3231209,서울시 송파구
CUST00318,최은지,010-7293-7850,customer318@email.com,2023-04-15,VIP,1323520,서울시 송파구
CUST00319,신민수,010-5067-3616,customer319@email.com,2022-01-13,Silver,4157893,서울시 강동구
CUST00320,윤혜진,010-6364-6123,customer320@email.com,2023-12-19,Gold,3317635,서울시 서초구
CUST00321,정지연,010-4110-3610,customer321@email.com,2023-10-01,Bronze,2400119,서울시 강남구
CUST00322,서지연,010-9163-9433,customer322@email.com,2023-08-25,VIP,1999443,서울시 송파구
CUST00323,최은지,010-8648-9171,customer323@email.com,2023-06-20,Bronze,3548503,서울시 서초구
CUST00324,김동욱,010-6055-9148,customer324@email.com,2023-03-06,Gold,1539758,서울시 서초구
CUST00325,최현준,010-1379-2475,customer325@email.com,2022-04-26,Gold,1905468,서울시 강동구
CUST00326,강준호,010-7442-9281,customer326@email.com,2023-03-01,Gold,3527975,서울시 송파구
CUST00327,신서연,010-8491-4944,customer327@email.com,2022-06-03,Silver,226108,서울시 송파구
CUST00328,서준호,010-4524-6781,customer328@email.com,2022-06-01,Silver,3260110,서울시 서초구
CUST00329,강동욱,010-1797-1828,customer329@email.com,2023-08-04,Bronze,3330019,서울시 송파구
CUST00330,장현준,010-5609-9108,customer330@email.com,2023-08-26,Bronze,1807692,서울시 강동구
CUST00331,한지연,010-8710-5681,customer331@email.com,2023-08-20,VIP,2180154,서울시 강동구
CUST00332,장혜진,010-9793-1133,customer332@email.com,2022-04-13,VIP,2344702,서울시 강동구
CUST00333,김서연,010-2761-8060,customer333@email.com,2022-04-19,Bronze,3477778,서울시 송파구
CUST00334,권준호,010-3194-5333,customer334@email.com,2023-07-31,Silver,2630034,서울시 송파구
CUST00335,박유미,010-6992-7606,customer335@email.com,2022-04-14,Gold,4632131,서울시 강동구
CUST00336,정민준,010-6995-1741,customer336@email.com,2022-10-20,Bronze,2792755,서울시 용산구
CUST00337,이유미,010-7563-1838,customer337@email.com,2023-07-03,VIP,488349,서울시 강남구
CUST00338,조혜진,010-4189-6939,customer338@email.com,2022-12-19,Silver,1162729,서울시 서초구
CUST00339,오준영,010-5728-2204,customer339@email.com,2023-02-25,Bronze,3224071,서울시 용산구
CUST00340,강현준,010-7329-9261,customer340@email.com,2022-09-28,Bronze,3486501,서울시 강남구
CUST00341,임태희,010-8378-5582,customer341@email.com,2023-01-28,Silver,2079079,서울시 송파구
CUST00342,이현준,010-2946-3108,customer342@email.com,2023-11-02,Bronze,4688334,서울시 서초구
CUST00343,권유미,010-2584-7453,customer343@email.com,2023-05-13,Silver,3622905,서울시 용산구
CUST00344,최준호,010-7114-6555,customer344@email.com,2023-08-09,Gold,176077,서울시 서초구
CUST00345,김세미,010-6990-3363,customer345@email.com,2023-09-16,Silver,4427819,서울시 송파구
CUST00346,조민준,010-4261-9341,customer346@email.com,2023-04-30,Silver,1355564,서울시 강남구
CUST00347,장민수,010-7576-9193,customer347@email.com,2022-02-08,Silver,2008327,서울시 강남구
CUST00348,서태희,010-1659-1742,customer348@email.com,2022-06-26,Bronze,225885,서울시 강남구
CUST00349,한세미,010-1637-3245,customer349@email.com,2022-10-10,Bronze,641656,서울시 용산구
CUST00350,오세미,010-6456-8761,customer350@email.com,2023-02-17,Silver,770688,서울시 강남구
CUST00351,한은지,010-9508-8487,customer351@email.com,2022-05-28,Bronze,2385166,서울시 용산구
CUST00352,강현준,010-3440-9446,customer352@email.com,2023-09-26,VIP,4524507,서울시 용산구
CUST00353,이동욱,010-3290-6373,customer353@email.com,2023-09-16,VIP,2151531,서울시 강동구
CUST00354,권혜진,010-6218-3662,customer354@email.com,2023-11-29,Bronze,2892427,서울시 용산구
CUST00355,임혜진,010-7438-5902,customer355@email.com,2023-12-12,Bronze,3020803,서울시 서초구
CUST00356,한지연,010-6511-9311,customer356@email.com,2023-02-16,Silver,3457679,서울시 강남구
CUST00357,이세미,010-9351-9721,customer357@email.com,2022-02-09,Gold,4490020,서울시 용산구
CUST00358,권준호,010-9025-5911,customer358@email.com,2023-02-10,Bronze,2781719,서울시 송파구
CUST00359,장준호,010-8780-1272,customer359@email.com,2022-12-06,VIP,990695,서울시 용산구
CUST00360,한현준,010-7035-6427,customer360@email.com,2023-12-09,Silver,4294430,서울시 용산구
CUST00361,강현준,010-2795-7824,customer361@email.com,2022-09-01,Bronze,938761,서울시 강동구
CUST00362,오준호,010-6040-1436,customer362@email.com,2022-02-20,VIP,600315,서울시 서초구
CUST00363,장지호,010-8775-5350,customer363@email.com,2023-05-02,VIP,2514472,서울시 송파구
CUST00364,최현준,010-4728-1841,customer364@email.com,2022-10-03,Gold,1399445,서울시 강동구
CUST00365,한현준,010-8871-3793,customer365@email.com,2023-01-17,Silver,598716,서울시 서초구
CUST00366,한세미,010-9589-7229,customer366@email.com,2022-01-21,Silver,3241069,서울시 용산구
CUST00367,권지호,010-3421-4968,customer367@email.com,2022-12-12,Gold,3421127,서울시 송파구
CUST00368,임유미,010-1517-2800,customer368@email.com,2022-11-07,Gold,2659272,서울시 서초구
CUST00369,정현준,010-4125-1310,customer369@email.com,2022-11-15,Silver,2376106,서울시 강동구
CUST00370,장지연,010-8225-6139,customer370@email.com,2022-10-15,Silver,2102324,서울시 용산구
CUST00371,김준호,010-7861-3481,customer371@email.com,2023-05-19,Bronze,4427021,서울시 용산구
CUST00372,정은지,010-7765-4340,customer372@email.com,2023-12-14,Bronze,3424323,서울시 강남구
CUST00373,조준영,010-7723-9221,customer373@email.com,2023-12-03,Gold,4051416,서울시 강동구
CUST00374,임유미,010-8726-2020,customer374@email.com,2022-04-11,Bronze,594592,서울시 송파구
CUST00375,한혜진,010-3262-9498,customer375@email.com,2022-08-22,VIP,3345886,서울시 용산구
CUST00376,윤수진,010-4397-6325,customer376@email.com,2022-05-18,Bronze,3954261,서울시 강남구
CUST00377,윤동욱,010-8837-9609,customer377@email.com,2022-11-04,Bronze,3678226,서울시 서초구
CUST00378,최태희,010-7173-6140,customer378@email.com,2023-03-30,VIP,2129454,서울시 용산구
CUST00379,윤준영,010-3837-8531,customer379@email.com,2022-11-25,Gold,2527540,서울시 서초구
CUST00380,권준영,010-9734-6608,customer380@email.com,2022-10-03,VIP,1815630,서울시 용산구
CUST00381,오지호,010-9950-6804,customer381@email.com,2024-01-17,Bronze,418408,서울시 서초구
CUST00382,한서연,010-5331-8932,customer382@email.com,2023-03-03,Gold,568276,서울시 강동구
CUST00383,정태희,010-4150-5038,customer383@email.com,2023-09-12,Bronze,2254697,서울시 서초구
CUST00384,한동욱,010-5571-5890,customer384@email.com,2023-10-24,VIP,611411,서울시 서초구
CUST00385,임혜진,010-4684-5876,customer385@email.com,2022-04-02,VIP,3022808,서울시 용산구
CUST00386,이지연,010-5735-4396,customer386@email.com,2022-07-12,Bronze,3217172,서울시 용산구
CUST00387,서은지,010-9011-6194,customer387@email.com,2023-03-29,Silver,984377,서울시 서초구
CUST00388,한준호,010-8861-6714,customer388@email.com,2022-08-05,Silver,4335042,서울시 강동구
CUST00389,최준영,010-5480-5715,customer389@email.com,2023-02-21,VIP,1998739,서울시 송파구
CUST00390,최지호,010-2996-9899,customer390@email.com,2023-05-12,VIP,1329336,서울시 강남구
CUST00391,김민준,010-7220-7464,customer391@email.com,2023-06-13,Silver,1117433,서울시 서초구
CUST00392,최수진,010-6654-3399,customer392@email.com,2023-01-18,Silver,4761029,서울시 강동구
CUST00393,임지연,010-5758-1689,customer393@email.com,2022-02-27,Bronze,2861089,서울시 서초구
CUST00394,서서연,010-5712-2294,customer394@email.com,2023-06-12,Bronze,3778086,서울시 강남구
CUST00395,윤현준,010-6674-8247,customer395@email.com,2022-06-12,Silver,1681530,서울시 송파구
CUST00396,권동욱,010-5201-8849,customer396@email.com,2022-03-09,Bronze,2187258,서울시 송파구
CUST00397,임은지,010-4505-4310,customer397@email.com,2022-11-15,Bronze,4592816,서울시 서초구
CUST00398,오세미,010-9824-5442,customer398@email.com,2023-12-28,Gold,4956447,서울시 강남구
CUST00399,조수진,010-5450-3249,customer399@email.com,2023-06-03,Bronze,2849178,서울시 서초구
CUST00400,조은지,010-2789-4920,customer400@email.com,2023-02-18,VIP,1096530,서울시 용산구
CUST00401,박동욱,010-4972-1831,customer401@email.com,2022-05-19,Bronze,871253,서울시 송파구
CUST00402,오민준,010-9700-4697,customer402@email.com,2023-06-21,Bronze,2701623,서울시 강동구
CUST00403,권준영,010-4814-1860,customer403@email.com,2023-08-06,Silver,1478246,서울시 강동구
CUST00404,신준영,010-2641-7771,customer404@email.com,2022-01-30,VIP,4208997,서울시 강동구
CUST00405,권서연,010-6411-8739,customer405@email.com,2022-06-27,Bronze,3003540,서울시 강남구
CUST00406,서현준,010-2647-3252,customer406@email.com,2022-07-17,Bronze,3464695,서울시 강남구
CUST00407,최지호,010-1084-3587,customer407@email.com,2022-07-25,Gold,4078400,서울시 송파구
CUST00408,서세미,010-7666-8793,customer408@email.com,2022-03-01,Bronze,4677456,서울시 강남구
CUST00409,장수진,010-8822-4267,customer409@email.com,2022-09-13,Bronze,2291422,서울시 용산구
CUST00410,김태희,010-5706-6262,customer410@email.com,2022-02-03,Gold,1145482,서울시 송파구
CUST00411,최민수,010-5676-1969,customer411@email.com,2023-04-13,Silver,1395302,서울시 송파구
CUST00412,신서연,010-2465-4804,customer412@email.com,2022-02-21,Bronze,4102640,서울시 용산구
CUST00413,윤지호,010-9767-1611,customer413@email.com,2023-01-05,Gold,670451,서울시 용산구
CUST00414,서수진,010-3868-7846,customer414@email.com,2023-12-23,VIP,119816,서울시 용산구
CUST00415,한태희,010-3880-1595,customer415@email.com,2022-07-23,Silver,1067344,서울시 서초구
CUST00416,장유미,010-7504-9116,customer416@email.com,2022-10-08,VIP,2955059,서울시 강동구
CUST00417,강준영,010-4052-5742,customer417@email.com,2023-01-13,VIP,2512149,서울시 강동구
CUST00418,권수진,010-1613-1151,customer418@email.com,2023-04-21,Gold,3452252,서울시 송파구
CUST00419,임지연,010-5888-2758,customer419@email.com,2023-06-02,Bronze,3832839,서울시 용산구
CUST00420,오민수,010-6489-5662,customer420@email.com,2023-02-11,Gold,1138896,서울시 강남구
CUST00421,장현준,010-8444-9901,customer421@email.com,2023-10-13,Gold,3397606,서울시 용산구
CUST00422,신민수,010-9590-9092,customer422@email.com,2022-05-07,Gold,2978604,서울시 송파구
CUST00423,장수진,010-3198-9261,customer423@email.com,2023-11-29,Gold,3680893,서울시 강동구
CUST00424,권지호,010-8668-5470,customer424@email.com,2022-02-01,Silver,4427858,서울시 서초구
CUST00425,오지연,010-4159-2845,customer425@email.com,2022-09-05,Bronze,4056602,서울시 용산구
CUST00426,윤수진,010-6417-3662,customer426@email.com,2023-01-17,VIP,4196951,서울시 강동구
CUST00427,정준영,010-8518-5215,customer427@email.com,2023-05-16,VIP,364223,서울시 송파구
CUST00428,최지연,010-4050-1230,customer428@email.com,2023-09-01,Bronze,3419260,서울시 송파구
CUST00429,한준호,010-6523-5833,customer429@email.com,2023-04-02,VIP,2794287,서울시 강동구
CUST00430,서준영,010-4164-3875,customer430@email.com,2022-07-01,Bronze,1766471,서울시 강동구
CUST00431,장수진,010-7643-8007,customer431@email.com,2023-05-01,VIP,4721056,서울시 용산구
CUST00432,한은지,010-9442-6372,customer432@email.com,2023-08-24,Gold,688365,서울시 강남구
CUST00433,정수진,010-2421-7567,customer433@email.com,2023-07-19,VIP,803662,서울시 용산구
CUST00434,이세미,010-2562-4027,customer434@email.com,2022-12-25,Bronze,1405585,서울시 서초구
CUST00435,정은지,010-3303-8822,customer435@email.com,2022-12-19,Bronze,4192097,서울시 강동구
CUST00436,정혜진,010-6301-5064,customer436@email.com,2022-06-17,Bronze,2759440,서울시 서초구
CUST00437,강민수,010-1111-5272,customer437@email.com,2022-09-22,Bronze,1699601,서울시 서초구
CUST00438,장서연,010-7284-4858,customer438@email.com,2023-12-07,Bronze,4043645,서울시 강남구
CUST00439,박지호,010-8319-5374,customer439@email.com,2022-04-03,Silver,4595013,서울시 용산구
CUST00440,최현준,010-6400-5947,customer440@email.com,2022-10-19,Silver,4151774,서울시 송파구
CUST00441,오지호,010-1187-5285,customer441@email.com,2022-01-29,VIP,1334816,서울시 서초구
CUST00442,오은지,010-6890-4871,customer442@email.com,2023-01-31,Bronze,1725351,서울시 서초구
CUST00443,이현준,010-2017-2936,customer443@email.com,2022-02-20,VIP,2064956,서울시 서초구
CUST00444,조혜진,010-8625-6026,customer444@email.com,2022-06-16,Bronze,3548678,서울시 서초구
CUST00445,장수진,010-3616-7642,customer445@email.com,2023-08-09,Bronze,1227199,서울시 송파구
CUST00446,조민준,010-9233-6095,customer446@email.com,2022-08-08,Silver,3611049,서울시 용산구
CUST00447,최지연,010-2923-5833,customer447@email.com,2022-08-15,Silver,4163186,서울시 강남구
CUST00448,조현준,010-7021-4618,customer448@email.com,2023-10-25,Gold,2380827,서울시 서초구
CUST00449,권준영,010-4590-3188,customer449@email.com,2022-08-19,Silver,1885910,서울시 강동구
CUST00450,임세미,010-8834-3509,customer450@email.com,2023-11-25,Gold,4946769,서울시 송파구
CUST00451,김지연,010-8454-7121,customer451@email.com,2022-07-31,Gold,3195900,서울시 강남구
CUST00452,권준영,010-7813-9998,customer452@email.com,2022-10-03,Gold,4143064,서울시 강동구
CUST00453,임현준,010-8714-9806,customer453@email.com,2023-10-30,Gold,2702967,서울시 강동구
CUST00454,윤민준,010-4578-5054,customer454@email.com,2023-02-24,Gold,3538550,서울시 강동구
CUST00455,강준호,010-2341-9609,customer455@email.com,2023-06-10,VIP,176218,서울시 서초구
CUST00456,서현준,010-8319-9653,customer456@email.com,2022-01-21,Silver,870044,서울시 용산구
CUST00457,신민수,010-6927-2279,customer457@email.com,2023-11-30,Gold,2646741,서울시 서초구
CUST00458,신현준,010-2838-2011,customer458@email.com,2022-01-10,Bronze,4772750,서울시 강동구
CUST00459,장세미,010-9972-9281,customer459@email.com,2023-05-01,Silver,4756356,서울시 강남구
CUST00460,오태희,010-4312-9792,customer460@email.com,2022-05-16,Silver,3580130,서울시 서초구
CUST00461,서유미,010-3455-3695,customer461@email.com,2023-10-25,Gold,3285714,서울시 강남구
CUST00462,권은지,010-6375-9525,customer462@email.com,2022-06-27,VIP,1828096,서울시 서초구
CUST00463,윤은지,010-8239-2904,customer463@email.com,2023-09-08,Gold,447739,서울시 용산구
CUST00464,정현준,010-4365-9008,customer464@email.com,2022-01-09,VIP,572327,서울시 용산구
CUST00465,윤민준,010-2489-9361,customer465@email.com,2022-08-18,Bronze,2794946,서울시 서초구
CUST00466,조혜진,010-8298-1911,customer466@email.com,2022-09-16,Silver,4329215,서울시 서초구
CUST00467,한동욱,010-8429-3161,customer467@email.com,2023-09-15,Bronze,2022135,서울시 용산구
CUST00468,서현준,010-9409-7806,customer468@email.com,2022-11-09,VIP,1078039,서울시 강남구
CUST00469,오지호,010-8484-1945,customer469@email.com,2023-12-31,VIP,999885,서울시 용산구
CUST00470,신수진,010-8575-6049,customer470@email.com,2023-12-28,Bronze,708746,서울시 서초구
CUST00471,권지호,010-1356-7487,customer471@email.com,2023-10-21,VIP,3102819,서울시 강남구
CUST00472,임태희,010-5169-1049,customer472@email.com,2022-10-09,Bronze,4611219,서울시 서초구
CUST00473,김민수,010-4570-2196,customer473@email.com,2023-03-10,Silver,599876,서울시 송파구
CUST00474,조유미,010-1742-7941,customer474@email.com,2023-01-21,Bronze,2062165,서울시 서초구
CUST00475,임동욱,010-6644-2044,customer475@email.com,2022-12-24,Silver,711213,서울시 용산구
CUST00476,김서연,010-9866-1987,customer476@email.com,2023-04-16,Bronze,868734,서울시 강동구
CUST00477,한현준,010-2130-8734,customer477@email.com,2022-09-16,VIP,4341361,서울시 용산구
CUST00478,박지연,010-1519-5703,customer478@email.com,2022-08-12,Bronze,1939433,서울시 용산구
CUST00479,윤지호,010-7698-3948,customer479@email.com,2023-04-23,VIP,3772214,서울시 강남구
CUST00480,김준호,010-3218-7887,customer480@email.com,2022-11-06,Bronze,2126580,서울시 송파구
CUST00481,조혜진,010-7135-7266,customer481@email.com,2023-11-25,Bronze,4439235,서울시 강남구
CUST00482,최수진,010-8348-7184,customer482@email.com,2023-06-18,Gold,1592252,서울시 서초구
CUST00483,강혜진,010-7154-2314,customer483@email.com,2023-10-01,VIP,3626737,서울시 강동구
CUST00484,서민수,010-9835-3178,customer484@email.com,2023-02-11,Gold,501921,서울시 용산구
CUST00485,조준호,010-6697-2943,customer485@email.com,2023-08-22,VIP,2108960,서울시 강동구
CUST00486,서지연,010-3924-9802,customer486@email.com,2022-04-15,Gold,4555214,서울시 강동구
CUST00487,조준호,010-7439-9664,customer487@email.com,2022-01-08,Silver,187955,서울시 서초구
CUST00488,신서연,010-3086-4648,customer488@email.com,2023-06-08,Bronze,3916446,서울시 서초구
CUST00489,윤민준,010-1056-1372,customer489@email.com,2023-11-10,VIP,3476513,서울시 강동구
CUST00490,오태희,010-5888-8585,customer490@email.com,2023-01-19,VIP,2037878,서울시 용산구
CUST00491,김혜진,010-9920-7948,customer491@email.com,2023-07-29,Bronze,4502294,서울시 서초구
CUST00492,최동욱,010-9715-7214,customer492@email.com,2023-10-25,VIP,2185259,서울시 용산구
CUST00493,이준영,010-4762-5055,customer493@email.com,2023-09-01,VIP,2575539,서울시 서초구
CUST00494,한민준,010-8546-6671,customer494@email.com,2023-09-16,Gold,4833188,서울시 용산구
CUST00495,서민준,010-3541-5516,customer495@email.com,2022-10-17,VIP,1805215,서울시 용산구
CUST00496,최은지,010-4088-2848,customer496@email.com,2022-11-02,Silver,2589569,서울시 송파구
CUST00497,신민준,010-1527-7868,customer497@email.com,2023-12-02,Silver,3366402,서울시 서초구
CUST00498,임지호,010-1256-4943,customer498@email.com,2022-04-21,Bronze,2083851,서울시 송파구
CUST00499,최지호,010-4376-2102,customer499@email.com,2023-05-09,VIP,4208880,서울시 강동구
CUST00500,윤동욱,010-2653-1550,customer500@email.com,2022-03-07,Bronze,4837655,서울시 용산구
CUST00501,이유미,010-8314-1797,customer501@email.com,2022-12-11,Silver,4361946,서울시 용산구
CUST00502,최수진,010-5009-1724,customer502@email.com,2022-10-11,VIP,190093,서울시 강남구
CUST00503,오준호,010-7590-8191,customer503@email.com,2023-10-18,VIP,1656182,서울시 서초구
CUST00504,서혜진,010-4839-9843,customer504@email.com,2022-11-29,Bronze,4511519,서울시 강동구
CUST00505,박유미,010-4559-1924,customer505@email.com,2022-10-11,Silver,2103679,서울시 강동구
CUST00506,임세미,010-3295-9255,customer506@email.com,2022-09-25,VIP,1832465,서울시 서초구
CUST00507,오서연,010-5739-4836,customer507@email.com,2023-11-03,Bronze,4330258,서울시 강남구
CUST00508,서지연,010-6224-6253,customer508@email.com,2023-12-30,Silver,3273584,서울시 강남구
CUST00509,박준호,010-4881-5944,customer509@email.com,2023-10-30,Bronze,4821165,서울시 서초구
CUST00510,이유미,010-3347-9540,customer510@email.com,2022-11-02,Gold,2756807,서울시 용산구
CUST00511,김민수,010-4621-7775,customer511@email.com,2022-07-12,VIP,2959244,서울시 용산구
CUST00512,정유미,010-5923-5508,customer512@email.com,2022-06-03,Gold,986040,서울시 강동구
CUST00513,한민수,010-1998-3869,customer513@email.com,2023-06-14,Silver,422918,서울시 서초구
CUST00514,조현준,010-7999-9120,customer514@email.com,2022-09-04,Gold,3038613,서울시 용산구
CUST00515,오은지,010-1768-6642,customer515@email.com,2022-02-28,Gold,2345909,서울시 강남구
CUST00516,이유미,010-7244-9592,customer516@email.com,2023-09-07,Silver,4162442,서울시 서초구
CUST00517,오지연,010-6222-7821,customer517@email.com,2023-02-18,Bronze,216739,서울시 강동구
CUST00518,한은지,010-7688-3444,customer518@email.com,2023-11-08,Gold,1386585,서울시 용산구
CUST00519,이세미,010-5913-7167,customer519@email.com,2022-11-24,Bronze,880316,서울시 용산구
CUST00520,서준호,010-4012-9813,customer520@email.com,2023-11-29,Gold,3634550,서울시 강남구
CUST00521,신동욱,010-8758-4948,customer521@email.com,2022-05-24,Bronze,3589866,서울시 용산구
CUST00522,임준영,010-4692-5927,customer522@email.com,2024-01-09,Silver,1466853,서울시 용산구
CUST00523,이준영,010-3365-8586,customer523@email.com,2022-01-27,Gold,1114929,서울시 강남구
CUST00524,임준영,010-1944-7761,customer524@email.com,2023-11-03,Silver,1666847,서울시 강남구
CUST00525,김혜진,010-7824-9683,customer525@email.com,2023-05-25,Gold,2520564,서울시 강동구
CUST00526,장현준,010-3196-7363,customer526@email.com,2022-10-30,Silver,2682569,서울시 서초구
CUST00527,한혜진,010-4978-5177,customer527@email.com,2022-09-23,Silver,1580035,서울시 용산구
CUST00528,이태희,010-4331-6411,customer528@email.com,2023-03-05,Gold,288456,서울시 용산구
CUST00529,한혜진,010-2295-8369,customer529@email.com,2023-02-19,Gold,2753093,서울시 강남구
CUST00530,김지연,010-7079-2514,customer530@email.com,2023-02-02,Gold,3403457,서울시 강동구
CUST00531,조지연,010-9775-4120,customer531@email.com,2022-02-06,VIP,4185412,서울시 용산구
CUST00532,윤서연,010-1844-5398,customer532@email.com,2023-08-21,Bronze,4522808,서울시 강동구
CUST00533,조혜진,010-7179-1647,customer533@email.com,2023-12-27,VIP,4867348,서울시 송파구
CUST00534,한민수,010-2192-4082,customer534@email.com,2023-08-09,VIP,816756,서울시 강남구
CUST00535,신수진,010-4555-8854,customer535@email.com,2022-07-14,Silver,151226,서울시 용산구
CUST00536,오지호,010-4422-6455,customer536@email.com,2022-12-18,Gold,3851198,서울시 강동구
CUST00537,조지호,010-5967-1251,customer537@email.com,2024-01-14,Bronze,3721509,서울시 서초구
CUST00538,오태희,010-4470-4113,customer538@email.com,2024-01-01,Silver,3238145,서울시 강동구
CUST00539,한준호,010-2922-8846,customer539@email.com,2022-08-16,VIP,3997611,서울시 강동구
CUST00540,임준영,010-4974-4350,customer540@email.com,2023-12-04,Gold,1326476,서울시 송파구
CUST00541,권태희,010-7498-4921,customer541@email.com,2023-07-02,Silver,4284056,서울시 용산구
CUST00542,서수진,010-6269-5637,customer542@email.com,2023-10-16,Gold,672212,서울시 용산구
CUST00543,윤현준,010-7236-8639,customer543@email.com,2023-05-03,Silver,4518441,서울시 강남구
CUST00544,신세미,010-9743-6886,customer544@email.com,2023-11-19,Gold,1600844,서울시 강동구
CUST00545,임준호,010-6053-5285,customer545@email.com,2023-01-03,VIP,1029168,서울시 서초구
CUST00546,강지연,010-6892-9401,customer546@email.com,2023-06-04,Bronze,3543609,서울시 송파구
CUST00547,최지연,010-9147-8635,customer547@email.com,2022-11-04,VIP,463476,서울시 강동구
CUST00548,권서연,010-2615-8692,customer548@email.com,2022-06-24,Bronze,1500283,서울시 서초구
CUST00549,정민수,010-6246-4328,customer549@email.com,2023-11-05,Gold,791757,서울시 강남구
CUST00550,윤은지,010-7073-6126,customer550@email.com,2023-07-26,Silver,490719,서울시 송파구
CUST00551,서수진,010-7781-1749,customer551@email.com,2022-07-05,VIP,1627937,서울시 용산구
CUST00552,임유미,010-4625-3390,customer552@email.com,2022-10-28,Bronze,1249947,서울시 용산구
CUST00553,한현준,010-1265-5272,customer553@email.com,2022-04-10,VIP,3437920,서울시 강동구
CUST00554,강민준,010-7841-5836,customer554@email.com,2023-04-28,Bronze,3396050,서울시 송파구
CUST00555,윤지연,010-3497-4214,customer555@email.com,2022-05-12,VIP,2218324,서울시 서초구
CUST00556,강지호,010-6404-4768,customer556@email.com,2022-09-22,Bronze,2778932,서울시 강남구
CUST00557,윤은지,010-7223-5026,customer557@email.com,2024-01-13,Bronze,976031,서울시 강남구
CUST00558,강준영,010-9180-6530,customer558@email.com,2023-07-27,Gold,1370896,서울시 용산구
CUST00559,정혜진,010-5216-9005,customer559@email.com,2022-07-07,Bronze,3663706,서울시 용산구
CUST00560,정민수,010-9037-8550,customer560@email.com,2023-11-28,Gold,1159622,서울시 강남구
CUST00561,임세미,010-3756-6770,customer561@email.com,2022-12-10,Bronze,4522375,서울시 용산구
CUST00562,권준호,010-3773-3293,customer562@email.com,2023-11-02,Silver,478165,서울시 강남구
CUST00563,장민준,010-9954-9000,customer563@email.com,2022-04-02,Silver,808662,서울시 강동구
CUST00564,장은지,010-4015-9882,customer564@email.com,2022-08-16,Silver,4231479,서울시 서초구
CUST00565,이은지,010-1962-9584,customer565@email.com,2022-12-30,Bronze,1112117,서울시 송파구
CUST00566,오현준,010-1554-2217,customer566@email.com,2022-08-17,Gold,745188,서울시 강동구
CUST00567,윤태희,010-1794-1104,customer567@email.com,2022-11-11,Gold,515008,서울시 송파구
CUST00568,서은지,010-7756-3252,customer568@email.com,2023-03-07,Bronze,1731993,서울시 강남구
CUST00569,오수진,010-4791-2113,customer569@email.com,2022-12-06,Silver,3451278,서울시 서초구
CUST00570,한세미,010-3474-1149,customer570@email.com,2023-01-16,Silver,2442035,서울시 강동구
CUST00571,윤수진,010-4583-9285,customer571@email.com,2022-09-24,Gold,2868362,서울시 용산구
CUST00572,서민준,010-8471-7114,customer572@email.com,2023-08-23,Silver,3126768,서울시 송파구
CUST00573,이준호,010-1990-8916,customer573@email.com,2022-10-29,VIP,1270365,서울시 송파구
CUST00574,최현준,010-8993-1257,customer574@email.com,2023-04-20,Gold,779418,서울시 용산구
CUST00575,오은지,010-1108-9719,customer575@email.com,2022-05-01,Silver,4995084,서울시 강동구
CUST00576,정동욱,010-7739-1194,customer576@email.com,2023-04-27,Gold,1711754,서울시 용산구
CUST00577,임혜진,010-1274-9673,customer577@email.com,2022-02-24,VIP,1214593,서울시 송파구
CUST00578,윤태희,010-5501-9777,customer578@email.com,2023-10-12,Gold,1326952,서울시 용산구
CUST00579,장혜진,010-5697-1280,customer579@email.com,2023-08-21,Gold,4951188,서울시 송파구
CUST00580,조세미,010-9228-8054,customer580@email.com,2023-08-18,Gold,2821864,서울시 강동구
CUST00581,장혜진,010-3937-2753,customer581@email.com,2023-09-28,Gold,4047208,서울시 서초구
CUST00582,강세미,010-2578-9591,customer582@email.com,2022-03-14,VIP,3038496,서울시 강동구
CUST00583,윤준호,010-3439-4948,customer583@email.com,2023-04-29,Bronze,3975754,서울시 용산구
CUST00584,정준호,010-4144-9625,customer584@email.com,2022-07-19,Gold,2804999,서울시 용산구
CUST00585,최서연,010-5135-6807,customer585@email.com,2023-05-28,Gold,3094200,서울시 강동구
CUST00586,오은지,010-5379-7502,customer586@email.com,2022-05-03,Silver,1424070,서울시 서초구
CUST00587,강서연,010-2294-7112,customer587@email.com,2023-11-29,Gold,3290914,서울시 송파구
CUST00588,오태희,010-7652-8520,customer588@email.com,2023-01-26,Silver,2624388,서울시 용산구
CUST00589,서세미,010-4984-4700,customer589@email.com,2023-06-27,Bronze,1758987,서울시 용산구
CUST00590,박은지,010-5914-2320,customer590@email.com,2022-11-02,VIP,3976274,서울시 강동구
CUST00591,최세미,010-1519-2531,customer591@email.com,2023-02-28,VIP,2937981,서울시 송파구
CUST00592,윤준호,010-7640-7213,customer592@email.com,2022-02-25,Bronze,1761793,서울시 송파구
CUST00593,오유미,010-7179-8798,customer593@email.com,2022-06-04,VIP,716036,서울시 용산구
CUST00594,서태희,010-1919-1154,customer594@email.com,2022-05-21,Bronze,3491418,서울시 송파구
CUST00595,임준호,010-3807-2354,customer595@email.com,2022-07-25,Bronze,528988,서울시 강동구
CUST00596,이지연,010-9189-8109,customer596@email.com,2022-12-17,Bronze,4184752,서울시 서초구
CUST00597,최준호,010-6427-2562,customer597@email.com,2023-02-24,VIP,4474857,서울시 강남구
CUST00598,최혜진,010-9653-1697,customer598@email.com,2023-08-07,Silver,4855000,서울시 서초구
CUST00599,박준호,010-4764-4463,customer599@email.com,2023-04-14,Bronze,3077590,서울시 강동구
CUST00600,김세미,010-8790-5441,customer600@email.com,2022-05-27,Gold,3397291,서울시 서초구
CUST00601,장지호,010-1762-2218,customer601@email.com,2022-11-20,VIP,3902429,서울시 강남구
CUST00602,정민준,010-5593-9897,customer602@email.com,2024-01-03,Bronze,4994287,서울시 서초구
CUST00603,김태희,010-1539-3938,customer603@email.com,2022-07-04,Bronze,2590706,서울시 용산구
CUST00604,정세미,010-6152-1256,customer604@email.com,2022-03-24,Gold,1291902,서울시 강동구
CUST00605,박동욱,010-4394-3362,customer605@email.com,2023-05-15,Silver,2592118,서울시 송파구
CUST00606,신준영,010-7525-2260,customer606@email.com,2022-12-07,Silver,3837973,서울시 용산구
CUST00607,윤서연,010-5903-3661,customer607@email.com,2023-10-09,Silver,2302575,서울시 용산구
CUST00608,신민준,010-4939-7375,customer608@email.com,2022-07-01,Bronze,564071,서울시 강남구
CUST00609,임준호,010-9856-6435,customer609@email.com,2022-11-17,Bronze,4481137,서울시 서초구
CUST00610,윤수진,010-7288-3292,customer610@email.com,2023-10-12,Bronze,875435,서울시 강동구
CUST00611,윤혜진,010-2284-9204,customer611@email.com,2022-03-01,VIP,2274606,서울시 강남구
CUST00612,박민준,010-6666-1879,customer612@email.com,2022-01-05,Gold,3598472,서울시 강남구
CUST00613,정지연,010-2600-8161,customer613@email.com,2023-04-08,Bronze,3106316,서울시 서초구
CUST00614,윤서연,010-4803-2245,customer614@email.com,2022-10-08,Gold,1664718,서울시 강동구
CUST00615,신서연,010-6580-7499,customer615@email.com,2022-08-03,Gold,2234793,서울시 용산구
CUST00616,조수진,010-6347-1485,customer616@email.com,2022-06-22,Silver,1702575,서울시 강동구
CUST00617,이유미,010-5478-8381,customer617@email.com,2023-08-14,VIP,3913270,서울시 강남구
CUST00618,한동욱,010-9038-4737,customer618@email.com,2022-06-12,Bronze,4906425,서울시 강남구
CUST00619,김지호,010-6829-7150,customer619@email.com,2023-05-17,Silver,2478837,서울시 송파구
CUST00620,박준영,010-8075-4043,customer620@email.com,2022-04-01,Silver,1624102,서울시 서초구
CUST00621,임준호,010-7227-2404,customer621@email.com,2022-05-13,Bronze,3290541,서울시 송파구
CUST00622,이은지,010-5839-5037,customer622@email.com,2023-09-22,Gold,764180,서울시 강남구
CUST00623,이태희,010-2204-2344,customer623@email.com,2023-03-21,Silver,2483366,서울시 용산구
CUST00624,서현준,010-5390-3526,customer624@email.com,2023-10-11,Gold,2135848,서울시 강남구
CUST00625,임유미,010-7225-3527,customer625@email.com,2023-03-16,VIP,2539855,서울시 강동구
CUST00626,서유미,010-7383-6188,customer626@email.com,2023-02-18,Gold,304615,서울시 강동구
CUST00627,최준영,010-6909-2745,customer627@email.com,2023-03-16,VIP,1625233,서울시 용산구
CUST00628,장현준,010-2499-1085,customer628@email.com,2023-05-04,Gold,3996022,서울시 용산구
CUST00629,윤민수,010-6050-8286,customer629@email.com,2023-01-28,Silver,1903740,서울시 송파구
CUST00630,윤준호,010-6896-5419,customer630@email.com,2022-01-05,Silver,4068222,서울시 용산구
CUST00631,신유미,010-2674-3170,customer631@email.com,2022-02-08,VIP,3168893,서울시 강남구
CUST00632,조준호,010-2430-4070,customer632@email.com,2023-07-01,Bronze,938003,서울시 서초구
CUST00633,임유미,010-8061-8353,customer633@email.com,2022-07-24,VIP,3533382,서울시 강동구
CUST00634,김유미,010-9395-7685,customer634@email.com,2024-01-19,VIP,381570,서울시 강동구
CUST00635,오서연,010-2692-1430,customer635@email.com,2023-01-18,Gold,3282993,서울시 강남구
CUST00636,서은지,010-2468-6798,customer636@email.com,2022-01-15,Gold,4181082,서울시 서초구
CUST00637,한은지,010-2524-6315,customer637@email.com,2022-11-26,VIP,3495049,서울시 용산구
CUST00638,정동욱,010-7311-1202,customer638@email.com,2023-06-28,Silver,166150,서울시 송파구
CUST00639,이지호,010-5781-7779,customer639@email.com,2022-07-15,Gold,2534206,서울시 서초구
CUST00640,최지호,010-7353-2387,customer640@email.com,2022-01-19,Bronze,659723,서울시 강남구
CUST00641,장서연,010-4977-9537,customer641@email.com,2023-11-24,Gold,2647500,서울시 용산구
CUST00642,박민준,010-3778-7237,customer642@email.com,2022-01-05,Gold,3455745,서울시 용산구
CUST00643,조수진,010-3777-3274,customer643@email.com,2023-10-04,Bronze,1099554,서울시 용산구
CUST00644,오유미,010-5405-5933,customer644@email.com,2022-09-12,VIP,4293060,서울시 서초구
CUST00645,윤준호,010-5397-9079,customer645@email.com,2022-08-20,Bronze,4258634,서울시 용산구
CUST00646,김은지,010-3390-2036,customer646@email.com,2023-12-12,VIP,234055,서울시 서초구
CUST00647,정세미,010-3739-8121,customer647@email.com,2022-12-19,VIP,776022,서울시 강남구
CUST00648,정세미,010-5521-7899,customer648@email.com,2022-11-16,VIP,909942,서울시 송파구
CUST00649,신수진,010-5911-8933,customer649@email.com,2022-05-13,Bronze,3979275,서울시 서초구
CUST00650,이동욱,010-2260-6916,customer650@email.com,2022-04-16,VIP,796358,서울시 강남구
CUST00651,최민수,010-5123-5040,customer651@email.com,2023-01-28,Silver,3695790,서울시 서초구
CUST00652,정준영,010-9123-4203,customer652@email.com,2023-05-31,Bronze,1941648,서울시 강남구
CUST00653,서동욱,010-8501-2752,customer653@email.com,2023-08-26,Silver,1788472,서울시 송파구
CUST00654,임동욱,010-3219-5991,customer654@email.com,2022-11-10,VIP,3928433,서울시 강동구
CUST00655,서민수,010-1110-7483,customer655@email.com,2022-06-21,Gold,2835264,서울시 송파구
CUST00656,최현준,010-6443-7224,customer656@email.com,2022-03-08,VIP,4548748,서울시 강동구
CUST00657,이태희,010-6399-8212,customer657@email.com,2022-02-16,Silver,2800713,서울시 강동구
CUST00658,최동욱,010-6484-8055,customer658@email.com,2022-11-02,Silver,2408989,서울시 용산구
CUST00659,박민수,010-3230-5922,customer659@email.com,2022-10-25,Bronze,4237270,서울시 서초구
CUST00660,정지연,010-6253-4290,customer660@email.com,2023-04-12,Gold,4417922,서울시 용산구
CUST00661,박서연,010-8848-6147,customer661@email.com,2024-01-16,Bronze,4215625,서울시 강남구
CUST00662,김지호,010-3910-7524,customer662@email.com,2023-06-17,Silver,559297,서울시 강남구
CUST00663,서준호,010-6228-5775,customer663@email.com,2023-09-03,VIP,1120154,서울시 강남구
CUST00664,임세미,010-9044-4971,customer664@email.com,2023-06-21,Gold,4177151,서울시 용산구
CUST00665,신유미,010-6339-7161,customer665@email.com,2022-12-12,VIP,4834963,서울시 송파구
CUST00666,권준호,010-5592-7437,customer666@email.com,2023-03-21,VIP,2903696,서울시 용산구
CUST00667,윤서연,010-6980-2865,customer667@email.com,2023-12-05,Gold,2193373,서울시 용산구
CUST00668,윤세미,010-4273-9939,customer668@email.com,2022-05-18,Bronze,2472280,서울시 송파구
CUST00669,정세미,010-3947-1440,customer669@email.com,2022-12-17,VIP,3016623,서울시 송파구
CUST00670,조준호,010-8563-4434,customer670@email.com,2023-05-17,Silver,2806871,서울시 송파구
CUST00671,장태희,010-8183-5773,customer671@email.com,2023-01-03,VIP,970123,서울시 서초구
CUST00672,윤수진,010-2133-7703,customer672@email.com,2022-07-12,Gold,3086249,서울시 용산구
CUST00673,이유미,010-9180-3280,customer673@email.com,2022-06-18,Gold,1959582,서울시 서초구
CUST00674,김민수,010-5961-4965,customer674@email.com,2023-02-18,Gold,4544499,서울시 강동구
CUST00675,조세미,010-5139-3525,customer675@email.com,2022-01-20,Bronze,2229885,서울시 강동구
CUST00676,강유미,010-7932-7176,customer676@email.com,2022-08-22,VIP,4820642,서울시 용산구
CUST00677,정민준,010-2211-8357,customer677@email.com,2022-08-18,Bronze,2307148,서울시 강남구
CUST00678,이은지,010-8851-7566,customer678@email.com,2024-01-15,Bronze,4852525,서울시 송파구
CUST00679,한지연,010-9755-9300,customer679@email.com,2022-05-15,Gold,649239,서울시 서초구
CUST00680,신유미,010-7853-9907,customer680@email.com,2022-08-05,Gold,656701,서울시 강동구
CUST00681,임민준,010-1602-6890,customer681@email.com,2022-01-23,Bronze,3147569,서울시 용산구
CUST00682,서동욱,010-9796-2392,customer682@email.com,2023-08-27,VIP,4728120,서울시 강남구
CUST00683,신준호,010-2791-5067,customer683@email.com,2023-06-01,Silver,1370464,서울시 용산구
CUST00684,임민준,010-6816-3725,customer684@email.com,2022-06-23,Bronze,885332,서울시 강남구
CUST00685,서준영,010-1725-7547,customer685@email.com,2022-05-07,VIP,867950,서울시 용산구
CUST00686,박수진,010-6432-8052,customer686@email.com,2023-01-11,Gold,266472,서울시 송파구
CUST00687,장동욱,010-2735-1172,customer687@email.com,2023-12-30,Gold,497710,서울시 송파구
CUST00688,윤민수,010-2615-5239,customer688@email.com,2023-10-29,VIP,4417048,서울시 강남구
CUST00689,정지호,010-4637-9366,customer689@email.com,2022-02-08,Silver,3288729,서울시 용산구
CUST00690,임현준,010-9499-4621,customer690@email.com,2023-01-20,Gold,4885956,서울시 송파구
CUST00691,한지연,010-8303-7129,customer691@email.com,2023-10-18,Gold,2950171,서울시 용산구
CUST00692,윤서연,010-7408-8586,customer692@email.com,2022-09-19,Gold,1010775,서울시 용산구
CUST00693,윤혜진,010-9199-3469,customer693@email.com,2023-07-02,VIP,2696874,서울시 송파구
CUST00694,조혜진,010-6651-1402,customer694@email.com,2023-10-01,Bronze,658924,서울시 강동구
CUST00695,강동욱,010-8909-2712,customer695@email.com,2022-02-19,Gold,3981185,서울시 강동구
CUST00696,이지연,010-5840-7815,customer696@email.com,2023-09-01,Bronze,4473656,서울시 용산구
CUST00697,박혜진,010-2406-2901,customer697@email.com,2022-02-19,Silver,4112595,서울시 강동구
CUST00698,조세미,010-3321-6707,customer698@email.com,2023-11-09,Gold,2390435,서울시 서초구
CUST00699,윤준호,010-6110-6620,customer699@email.com,2022-04-21,Gold,531413,서울시 송파구
CUST00700,한현준,010-8460-4389,customer700@email.com,2023-11-01,Silver,1452564,서울시 강동구
CUST00701,신준영,010-9537-8912,customer701@email.com,2022-01-21,Gold,2524050,서울시 강동구
CUST00702,장민준,010-6706-8801,customer702@email.com,2022-02-19,Bronze,4265100,서울시 용산구
CUST00703,윤서연,010-2599-8178,customer703@email.com,2023-12-08,VIP,963561,서울시 강남구
CUST00704,강준호,010-8412-6225,customer704@email.com,2022-04-29,Bronze,402186,서울시 강동구
CUST00705,강서연,010-2100-5919,customer705@email.com,2023-03-03,VIP,3307393,서울시 강남구
CUST00706,서현준,010-1732-2885,customer706@email.com,2023-03-31,VIP,3928464,서울시 송파구
CUST00707,신태희,010-1370-6620,customer707@email.com,2023-01-25,Bronze,1126553,서울시 강남구
CUST00708,신민준,010-2791-3692,customer708@email.com,2022-05-07,Bronze,1335202,서울시 강동구
CUST00709,한지연,010-4996-9454,customer709@email.com,2023-07-15,Bronze,245271,서울시 서초구
CUST00710,장수진,010-3858-3623,customer710@email.com,2022-09-16,Bronze,2315685,서울시 서초구
CUST00711,조민준,010-6422-7985,customer711@email.com,2023-05-01,Silver,3843797,서울시 송파구
CUST00712,최태희,010-8570-4798,customer712@email.com,2023-12-20,Gold,1614542,서울시 강동구
CUST00713,강유미,010-7636-4022,customer713@email.com,2022-06-06,VIP,4280656,서울시 송파구
CUST00714,서수진,010-4053-8080,customer714@email.com,2022-07-30,Bronze,3030184,서울시 용산구
CUST00715,한수진,010-7481-1478,customer715@email.com,2023-12-13,Bronze,176898,서울시 용산구
CUST00716,서민준,010-4232-8365,customer716@email.com,2023-12-04,Bronze,3395097,서울시 강남구
CUST00717,최준호,010-8037-7370,customer717@email.com,2023-10-08,Silver,388316,서울시 송파구
CUST00718,장지호,010-1072-4519,customer718@email.com,2022-01-10,Bronze,2108954,서울시 서초구
CUST00719,권준호,010-4371-5560,customer719@email.com,2022-11-05,Bronze,1929553,서울시 송파구
CUST00720,윤민수,010-2025-2667,customer720@email.com,2023-03-07,Bronze,4188657,서울시 강남구
CUST00721,오수진,010-9796-4063,customer721@email.com,2023-11-09,Gold,3141341,서울시 강동구
CUST00722,이민준,010-6993-6340,customer722@email.com,2022-04-14,Silver,1139504,서울시 송파구
CUST00723,한유미,010-4228-8496,customer723@email.com,2023-11-10,Bronze,4187810,서울시 강남구
CUST00724,서은지,010-2867-5298,customer724@email.com,2023-06-17,VIP,2205058,서울시 용산구
CUST00725,오지호,010-9019-9646,customer725@email.com,2022-10-04,VIP,1775843,서울시 서초구
CUST00726,정태희,010-6134-7367,customer726@email.com,2023-09-30,VIP,134701,서울시 강동구
CUST00727,김태희,010-7431-2871,customer727@email.com,2023-09-13,Silver,3329028,서울시 송파구
CUST00728,조서연,010-6700-6766,customer728@email.com,2023-12-19,Silver,1821610,서울시 송파구
CUST00729,최지연,010-8501-3826,customer729@email.com,2022-05-21,VIP,2280712,서울시 서초구
CUST00730,권서연,010-5873-2388,customer730@email.com,2023-03-05,Bronze,2439767,서울시 용산구
CUST00731,윤서연,010-3194-6131,customer731@email.com,2022-04-18,Silver,2714235,서울시 송파구
CUST00732,한지연,010-2931-4908,customer732@email.com,2023-06-08,VIP,591036,서울시 서초구
CUST00733,박수진,010-6003-2916,customer733@email.com,2024-01-07,VIP,427304,서울시 서초구
CUST00734,권세미,010-3999-7116,customer734@email.com,2023-09-25,Bronze,2562616,서울시 강동구
CUST00735,정태희,010-3316-9369,customer735@email.com,2022-05-01,Gold,2810241,서울시 서초구
CUST00736,오준호,010-7364-7852,customer736@email.com,2022-10-17,Silver,3533803,서울시 서초구
CUST00737,조지연,010-3258-7286,customer737@email.com,2022-04-27,Bronze,1242953,서울시 서초구
CUST00738,윤수진,010-7931-4043,customer738@email.com,2022-04-19,VIP,4061352,서울시 송파구
CUST00739,최수진,010-8973-9804,customer739@email.com,2023-05-25,VIP,4078702,서울시 서초구
CUST00740,장지호,010-3838-3733,customer740@email.com,2022-07-23,Bronze,4159175,서울시 서초구
CUST00741,조은지,010-9022-5732,customer741@email.com,2023-09-16,Silver,426916,서울시 서초구
CUST00742,권유미,010-3298-4065,customer742@email.com,2022-07-24,Gold,3697706,서울시 서초구
CUST00743,장세미,010-6154-8389,customer743@email.com,2022-09-27,Gold,4606554,서울시 용산구
CUST00744,권지호,010-1878-6882,customer744@email.com,2023-06-20,VIP,705409,서울시 송파구
CUST00745,신서연,010-1157-8939,customer745@email.com,2022-07-26,Silver,1174135,서울시 서초구
CUST00746,정준영,010-3236-4196,customer746@email.com,2023-01-02,Gold,3089179,서울시 강남구
CUST00747,서지연,010-7290-9281,customer747@email.com,2023-12-22,Silver,1825690,서울시 강남구
CUST00748,조혜진,010-9109-7703,customer748@email.com,2023-02-24,Silver,3380772,서울시 강남구
CUST00749,권준영,010-9056-7809,customer749@email.com,2022-10-30,VIP,4257893,서울시 강동구
CUST00750,장준호,010-8272-9006,customer750@email.com,2022-06-14,Gold,503119,서울시 용산구
CUST00751,신민준,010-3740-2354,customer751@email.com,2022-02-10,Bronze,4266769,서울시 강남구
CUST00752,정세미,010-1505-4613,customer752@email.com,2023-07-16,VIP,4420295,서울시 용산구
CUST00753,정지연,010-5785-1535,customer753@email.com,2023-05-24,Gold,502732,서울시 강남구
CUST00754,임유미,010-5503-4683,customer754@email.com,2022-08-01,Gold,606079,서울시 강동구
CUST00755,한수진,010-9808-5729,customer755@email.com,2023-12-06,Gold,2050013,서울시 송파구
CUST00756,신지호,010-3755-8492,customer756@email.com,2023-05-08,Gold,2723836,서울시 용산구
CUST00757,윤태희,010-9115-9369,customer757@email.com,2022-12-05,Gold,1232658,서울시 송파구
CUST00758,윤혜진,010-2854-2871,customer758@email.com,2022-08-29,Silver,2085209,서울시 강동구
CUST00759,강태희,010-5389-9898,customer759@email.com,2022-01-03,VIP,4422626,서울시 용산구
CUST00760,서태희,010-7010-9880,customer760@email.com,2022-01-14,Silver,756951,서울시 송파구
CUST00761,조수진,010-1681-8231,customer761@email.com,2023-11-19,Bronze,111303,서울시 강동구
CUST00762,권혜진,010-9951-4580,customer762@email.com,2022-04-02,Gold,1310209,서울시 서초구
CUST00763,신은지,010-7965-2677,customer763@email.com,2022-04-24,VIP,3579591,서울시 용산구
CUST00764,오은지,010-5055-5877,customer764@email.com,2023-08-11,Gold,2466610,서울시 송파구
CUST00765,임현준,010-1528-8368,customer765@email.com,2023-11-17,VIP,4280303,서울시 강동구
CUST00766,최지연,010-5305-6711,customer766@email.com,2023-05-21,Silver,1168199,서울시 서초구
CUST00767,서현준,010-2425-8193,customer767@email.com,2022-06-02,VIP,4276224,서울시 용산구
CUST00768,김혜진,010-2923-4882,customer768@email.com,2022-04-03,Bronze,4784346,서울시 서초구
CUST00769,오수진,010-4438-6744,customer769@email.com,2023-06-08,Bronze,558298,서울시 강남구
CUST00770,오민수,010-8015-3719,customer770@email.com,2022-03-18,VIP,1147343,서울시 용산구
CUST00771,서현준,010-3281-4385,customer771@email.com,2024-01-11,VIP,205228,서울시 강동구
CUST00772,조동욱,010-4390-1972,customer772@email.com,2024-01-11,VIP,4720650,서울시 강동구
CUST00773,서지연,010-6747-9720,customer773@email.com,2022-04-14,VIP,1855692,서울시 용산구
CUST00774,한지호,010-5605-9827,customer774@email.com,2022-09-20,Bronze,984056,서울시 강남구
CUST00775,윤민준,010-3758-6302,customer775@email.com,2023-10-22,Gold,1830228,서울시 용산구
CUST00776,박태희,010-5794-5740,customer776@email.com,2022-08-25,VIP,2046793,서울시 송파구
CUST00777,임혜진,010-5380-9428,customer777@email.com,2023-04-13,VIP,1669123,서울시 강동구
CUST00778,신서연,010-2560-3221,customer778@email.com,2022-10-31,Bronze,3379269,서울시 서초구
CUST00779,신지연,010-7743-1971,customer779@email.com,2022-09-28,Bronze,1826470,서울시 강동구
CUST00780,윤서연,010-5543-3078,customer780@email.com,2023-04-21,Silver,3440420,서울시 강남구
CUST00781,장민수,010-3174-5090,customer781@email.com,2022-02-21,VIP,148874,서울시 용산구
CUST00782,윤민준,010-3396-6277,customer782@email.com,2022-04-13,Silver,1722572,서울시 강동구
CUST00783,오지호,010-5055-7434,customer783@email.com,2022-06-28,Bronze,3320281,서울시 송파구
CUST00784,조지연,010-9019-3329,customer784@email.com,2022-02-10,Bronze,2789784,서울시 강남구
CUST00785,한지호,010-5402-7786,customer785@email.com,2022-10-25,Gold,809662,서울시 강남구
CUST00786,이수진,010-7146-8405,customer786@email.com,2023-01-04,VIP,4972554,서울시 서초구
CUST00787,서준호,010-2237-2525,customer787@email.com,2023-11-25,Silver,570452,서울시 강동구
CUST00788,강유미,010-7600-9447,customer788@email.com,2022-11-17,Bronze,2239686,서울시 용산구
CUST00789,오현준,010-5558-7046,customer789@email.com,2023-03-13,Bronze,2692670,서울시 강남구
CUST00790,한서연,010-8449-8996,customer790@email.com,2022-04-29,Silver,4910833,서울시 송파구
CUST00791,신혜진,010-6362-1040,customer791@email.com,2022-04-08,Gold,542061,서울시 송파구
CUST00792,신동욱,010-2526-8511,customer792@email.com,2022-02-16,Bronze,3434732,서울시 용산구
CUST00793,신태희,010-6869-2037,customer793@email.com,2022-01-10,VIP,3861675,서울시 송파구
CUST00794,조혜진,010-9756-7516,customer794@email.com,2022-05-22,Bronze,2361286,서울시 서초구
CUST00795,한세미,010-4568-8039,customer795@email.com,2023-11-11,VIP,588972,서울시 용산구
CUST00796,권준영,010-4470-9105,customer796@email.com,2023-10-25,Silver,1223994,서울시 송파구
CUST00797,윤지연,010-5399-6289,customer797@email.com,2022-06-24,VIP,3181328,서울시 서초구
CUST00798,장민준,010-5646-6533,customer798@email.com,2022-12-03,Silver,4198064,서울시 송파구
CUST00799,임서연,010-9967-3139,customer799@email.com,2023-01-02,VIP,2717703,서울시 강동구
CUST00800,최동욱,010-8951-6631,customer800@email.com,2023-03-25,Silver,263038,서울시 용산구
CUST00801,한민수,010-1793-1752,customer801@email.com,2023-09-29,VIP,4063735,서울시 송파구
CUST00802,정은지,010-2631-8529,customer802@email.com,2022-10-02,Gold,1474572,서울시 송파구
CUST00803,오서연,010-1266-3035,customer803@email.com,2024-01-21,VIP,2455874,서울시 서초구
CUST00804,조서연,010-3588-8230,customer804@email.com,2022-04-06,VIP,700530,서울시 강동구
CUST00805,서동욱,010-8479-1011,customer805@email.com,2023-01-17,Gold,3748966,서울시 강동구
CUST00806,오지연,010-8009-4314,customer806@email.com,2022-12-17,Bronze,1177833,서울시 서초구
CUST00807,이수진,010-3161-5945,customer807@email.com,2022-07-07,Bronze,2677640,서울시 강동구
CUST00808,박세미,010-3604-5489,customer808@email.com,2022-04-27,VIP,535423,서울시 송파구
CUST00809,정민수,010-2529-6905,customer809@email.com,2023-02-15,Gold,1292929,서울시 송파구
CUST00810,김민준,010-5102-2350,customer810@email.com,2023-02-14,VIP,423390,서울시 강동구
CUST00811,강준영,010-7092-3711,customer811@email.com,2023-04-13,Silver,1764221,서울시 송파구
CUST00812,김준호,010-1848-7493,customer812@email.com,2022-10-06,Silver,4168316,서울시 강동구
CUST00813,강혜진,010-6005-4836,customer813@email.com,2023-01-30,VIP,1756671,서울시 서초구
CUST00814,조지호,010-8032-2494,customer814@email.com,2023-12-08,Bronze,238563,서울시 용산구
CUST00815,최태희,010-2559-1017,customer815@email.com,2023-05-05,Bronze,883066,서울시 서초구
CUST00816,조유미,010-4496-8812,customer816@email.com,2023-03-08,VIP,1654623,서울시 용산구
CUST00817,한준영,010-2276-3174,customer817@email.com,2023-10-27,VIP,4999856,서울시 서초구
CUST00818,박지호,010-4705-9510,customer818@email.com,2022-06-20,Silver,4155957,서울시 강남구
CUST00819,박서연,010-8291-1152,customer819@email.com,2022-04-26,Bronze,697897,서울시 송파구
CUST00820,임지연,010-1132-6629,customer820@email.com,2022-05-16,VIP,4041237,서울시 서초구
CUST00821,조유미,010-2975-7919,customer821@email.com,2023-12-14,Silver,872800,서울시 용산구
CUST00822,한은지,010-3165-8826,customer822@email.com,2024-01-14,Bronze,2142999,서울시 강동구
CUST00823,윤민수,010-2160-4751,customer823@email.com,2022-03-02,Gold,3622554,서울시 강동구
CUST00824,임지호,010-7276-2463,customer824@email.com,2022-06-13,Silver,3759985,서울시 서초구
CUST00825,최수진,010-2678-2690,customer825@email.com,2022-04-17,Bronze,2002897,서울시 서초구
CUST00826,한준호,010-6133-7022,customer826@email.com,2023-03-03,Bronze,3676511,서울시 서초구
CUST00827,윤준호,010-5902-3246,customer827@email.com,2023-08-28,Silver,1263950,서울시 강동구
CUST00828,한민준,010-7270-3181,customer828@email.com,2023-05-10,Gold,649148,서울시 강남구
CUST00829,권준영,010-3340-2120,customer829@email.com,2023-08-06,Silver,2873707,서울시 서초구
CUST00830,윤민수,010-9691-1138,customer830@email.com,2023-11-26,Bronze,4778394,서울시 강동구
CUST00831,정동욱,010-3688-8210,customer831@email.com,2023-03-25,VIP,2873939,서울시 강동구
CUST00832,장지호,010-6753-4490,customer832@email.com,2022-07-05,VIP,2035740,서울시 서초구
CUST00833,이수진,010-3480-7745,customer833@email.com,2023-09-18,Silver,3534955,서울시 용산구
CUST00834,강유미,010-8248-4559,customer834@email.com,2023-01-24,Bronze,2845226,서울시 용산구
CUST00835,정동욱,010-2420-2646,customer835@email.com,2023-01-03,VIP,3277326,서울시 송파구
CUST00836,조세미,010-3293-3017,customer836@email.com,2023-09-19,Bronze,1654510,서울시 강동구
CUST00837,정수진,010-7291-6759,customer837@email.com,2022-01-30,Silver,1930815,서울시 송파구
CUST00838,신준호,010-8035-6152,customer838@email.com,2023-12-02,VIP,3863122,서울시 송파구
CUST00839,최현준,010-3290-5059,customer839@email.com,2024-01-15,Bronze,2486378,서울시 용산구
CUST00840,신수진,010-5537-2380,customer840@email.com,2022-05-14,VIP,4521590,서울시 용산구
CUST00841,이은지,010-5065-5668,customer841@email.com,2023-05-10,Silver,2634937,서울시 강남구
CUST00842,조유미,010-1439-5942,customer842@email.com,2023-05-15,Bronze,3257473,서울시 강동구
CUST00843,강유미,010-4366-9482,customer843@email.com,2022-04-26,VIP,912461,서울시 강남구
CUST00844,정세미,010-9348-4090,customer844@email.com,2023-02-26,Silver,4527036,서울시 서초구
CUST00845,정민준,010-7418-5842,customer845@email.com,2023-03-28,VIP,4155555,서울시 강남구
CUST00846,신동욱,010-1894-4921,customer846@email.com,2022-02-17,VIP,1818224,서울시 서초구
CUST00847,조준호,010-9108-7322,customer847@email.com,2022-03-06,Gold,2810626,서울시 송파구
CUST00848,김유미,010-2847-4949,customer848@email.com,2022-09-25,Gold,1024044,서울시 강동구
CUST00849,신동욱,010-9185-2163,customer849@email.com,2023-11-02,Silver,3081352,서울시 강남구
CUST00850,서세미,010-9655-1197,customer850@email.com,2022-11-18,Gold,1486652,서울시 강동구
CUST00851,김민수,010-6916-6185,customer851@email.com,2022-01-13,Silver,385555,서울시 송파구
CUST00852,임세미,010-3162-7337,customer852@email.com,2023-12-23,Gold,544191,서울시 송파구
CUST00853,윤지연,010-7895-6986,customer853@email.com,2023-11-26,VIP,1602337,서울시 송파구
CUST00854,권민수,010-9951-3830,customer854@email.com,2023-06-22,Silver,3586669,서울시 송파구
CUST00855,정준영,010-8717-2195,customer855@email.com,2023-08-14,Silver,1020597,서울시 용산구
CUST00856,서은지,010-1273-2106,customer856@email.com,2024-01-12,VIP,2143338,서울시 용산구
CUST00857,임준영,010-1225-5295,customer857@email.com,2023-08-02,Silver,3822946,서울시 송파구
CUST00858,강은지,010-4534-1652,customer858@email.com,2022-08-18,Silver,1586205,서울시 송파구
CUST00859,한은지,010-1990-7520,customer859@email.com,2023-11-17,Gold,2965899,서울시 강남구
CUST00860,임준호,010-9300-5693,customer860@email.com,2022-12-13,Silver,324695,서울시 강동구
CUST00861,한준영,010-9209-7806,customer861@email.com,2023-06-16,Bronze,3081467,서울시 강남구
CUST00862,오준영,010-7939-7590,customer862@email.com,2023-06-20,VIP,3541628,서울시 송파구
CUST00863,한동욱,010-2350-9791,customer863@email.com,2023-12-06,Gold,1201844,서울시 용산구
CUST00864,신지호,010-9808-3501,customer864@email.com,2023-12-19,Gold,4867493,서울시 서초구
CUST00865,한서연,010-5546-2369,customer865@email.com,2023-09-26,Bronze,1510706,서울시 용산구
CUST00866,권동욱,010-6077-2294,customer866@email.com,2022-04-08,VIP,3440216,서울시 용산구
CUST00867,한민준,010-9377-4329,customer867@email.com,2023-03-20,VIP,3933284,서울시 용산구
CUST00868,정준영,010-3545-9788,customer868@email.com,2023-11-09,Gold,4957088,서울시 서초구
CUST00869,윤민준,010-6353-7401,customer869@email.com,2024-01-15,Silver,1947865,서울시 송파구
CUST00870,임혜진,010-2083-6081,customer870@email.com,2022-09-12,Gold,1019484,서울시 송파구
CUST00871,오지호,010-8167-4909,customer871@email.com,2023-05-09,VIP,4997954,서울시 송파구
CUST00872,이민수,010-1948-5005,customer872@email.com,2022-12-21,Bronze,4117136,서울시 용산구
CUST00873,정혜진,010-2412-8118,customer873@email.com,2023-11-11,Gold,444855,서울시 강동구
CUST00874,오현준,010-2900-8428,customer874@email.com,2023-11-24,VIP,1174961,서울시 강동구
CUST00875,박은지,010-1901-6067,customer875@email.com,2023-10-19,Gold,4725678,서울시 강남구
CUST00876,박준영,010-3877-2956,customer876@email.com,2023-01-30,Silver,3661963,서울시 강동구
CUST00877,장민수,010-1207-3248,customer877@email.com,2022-06-02,Gold,2477935,서울시 용산구
CUST00878,강태희,010-1185-3684,customer878@email.com,2023-07-26,Gold,1234106,서울시 송파구
CUST00879,장민수,010-9133-6680,customer879@email.com,2023-09-20,VIP,4578011,서울시 강동구
CUST00880,정지연,010-9568-9474,customer880@email.com,2022-02-25,VIP,2574968,서울시 서초구
CUST00881,박준호,010-5247-3735,customer881@email.com,2022-01-12,VIP,2542266,서울시 서초구
CUST00882,권지연,010-7092-3079,customer882@email.com,2023-10-21,Gold,4537677,서울시 송파구
CUST00883,윤준영,010-5403-2934,customer883@email.com,2022-06-10,Silver,4642001,서울시 강동구
CUST00884,정세미,010-1480-6488,customer884@email.com,2023-06-02,Bronze,1318758,서울시 용산구
CUST00885,신혜진,010-8034-5456,customer885@email.com,2023-04-26,Bronze,1755743,서울시 용산구
CUST00886,서서연,010-9582-2046,customer886@email.com,2023-05-23,VIP,4077019,서울시 강동구
CUST00887,윤서연,010-5308-2262,customer887@email.com,2022-06-19,VIP,3168281,서울시 강남구
CUST00888,박준영,010-9128-8457,customer888@email.com,2022-03-18,Gold,4625208,서울시 강남구
CUST00889,최지연,010-9368-6900,customer889@email.com,2023-05-19,Bronze,618349,서울시 서초구
CUST00890,한세미,010-1908-9185,customer890@email.com,2022-11-25,VIP,2981990,서울시 송파구
CUST00891,한현준,010-3734-7024,customer891@email.com,2022-09-04,Silver,897968,서울시 서초구
CUST00892,신준영,010-3577-5179,customer892@email.com,2022-12-05,Silver,179083,서울시 송파구
CUST00893,장혜진,010-2685-2889,customer893@email.com,2022-10-12,VIP,2755971,서울시 송파구
CUST00894,이준영,010-4742-9336,customer894@email.com,2022-02-21,VIP,4097615,서울시 송파구
CUST00895,조민준,010-1042-1721,customer895@email.com,2023-06-04,Bronze,2974299,서울시 송파구
CUST00896,정태희,010-1201-5006,customer896@email.com,2022-08-17,Bronze,4948341,서울시 용산구
CUST00897,이수진,010-1753-8729,customer897@email.com,2023-07-18,Gold,1904673,서울시 강동구
CUST00898,강동욱,010-6963-7274,customer898@email.com,2023-10-21,Bronze,3038199,서울시 송파구
CUST00899,오동욱,010-3458-3932,customer899@email.com,2023-01-23,Silver,709996,서울시 강동구
CUST00900,정유미,010-1579-7870,customer900@email.com,2023-02-17,Silver,878513,서울시 송파구
CUST00901,조지연,010-4678-6272,customer901@email.com,2022-08-29,VIP,3403389,서울시 용산구
CUST00902,한혜진,010-5067-7819,customer902@email.com,2022-03-22,Bronze,4454385,서울시 용산구
CUST00903,이동욱,010-6241-5444,customer903@email.com,2023-04-16,Gold,488590,서울시 강동구
CUST00904,최수진,010-2276-7108,customer904@email.com,2023-03-31,Silver,1865982,서울시 강동구
CUST00905,김유미,010-2956-9225,customer905@email.com,2023-08-10,Silver,2878655,서울시 서초구
CUST00906,권태희,010-1862-3938,customer906@email.com,2023-04-04,Gold,3251882,서울시 서초구
CUST00907,강민수,010-4656-9450,customer907@email.com,2022-04-01,Gold,3310016,서울시 강남구
CUST00908,임은지,010-1752-7568,customer908@email.com,2023-05-26,Silver,2479877,서울시 서초구
CUST00909,한서연,010-2129-8620,customer909@email.com,2023-04-03,Silver,2489383,서울시 서초구
CUST00910,한지연,010-5625-6090,customer910@email.com,2022-11-20,Gold,264053,서울시 송파구
CUST00911,윤민수,010-6362-2415,customer911@email.com,2022-05-02,Silver,4887890,서울시 강남구
CUST00912,오준호,010-8483-1130,customer912@email.com,2023-05-25,VIP,1536536,서울시 서초구
CUST00913,한현준,010-7044-4287,customer913@email.com,2023-11-01,VIP,2642637,서울시 서초구
CUST00914,이지호,010-5777-5979,customer914@email.com,2022-01-19,Gold,3490926,서울시 강동구
CUST00915,김민준,010-4974-8600,customer915@email.com,2022-04-16,Bronze,3713263,서울시 강남구
CUST00916,정수진,010-7033-9083,customer916@email.com,2023-02-18,Gold,4258549,서울시 강남구
CUST00917,이서연,010-4201-9954,customer917@email.com,2023-02-27,Gold,1446208,서울시 강남구
CUST00918,최민수,010-5016-3466,customer918@email.com,2022-02-06,Bronze,4630889,서울시 강동구
CUST00919,장지호,010-1104-7718,customer919@email.com,2023-07-25,Bronze,1878599,서울시 용산구
CUST00920,조수진,010-1391-4817,customer920@email.com,2023-07-17,Bronze,122431,서울시 강남구
CUST00921,강동욱,010-9872-6675,customer921@email.com,2022-01-01,VIP,1343131,서울시 강남구
CUST00922,오세미,010-1157-6488,customer922@email.com,2022-04-04,Silver,747008,서울시 강동구
CUST00923,장현준,010-1023-7164,customer923@email.com,2023-09-11,VIP,673441,서울시 용산구
CUST00924,임세미,010-6038-2703,customer924@email.com,2023-09-26,Silver,4562816,서울시 강남구
CUST00925,오지호,010-4361-9680,customer925@email.com,2023-10-15,VIP,4470380,서울시 강남구
CUST00926,권현준,010-4902-7878,customer926@email.com,2022-11-08,Silver,2149949,서울시 송파구
CUST00927,한서연,010-9061-1981,customer927@email.com,2023-06-05,VIP,1368300,서울시 용산구
CUST00928,신수진,010-3332-5584,customer928@email.com,2023-07-30,Bronze,2047763,서울시 서초구
CUST00929,임현준,010-2524-1719,customer929@email.com,2022-07-31,Gold,1729849,서울시 강남구
CUST00930,정민준,010-4792-9515,customer930@email.com,2023-11-02,VIP,1985077,서울시 강동구
CUST00931,오혜진,010-7767-7102,customer931@email.com,2023-11-19,Silver,3982149,서울시 송파구
CUST00932,최수진,010-8511-2391,customer932@email.com,2023-04-13,Bronze,4973062,서울시 서초구
CUST00933,윤은지,010-2565-9280,customer933@email.com,2022-12-16,VIP,150861,서울시 서초구
CUST00934,신혜진,010-3187-7461,customer934@email.com,2023-01-08,VIP,4945710,서울시 송파구
CUST00935,이동욱,010-2226-2020,customer935@email.com,2022-02-25,Bronze,4100737,서울시 강동구
CUST00936,강태희,010-8126-3141,customer936@email.com,2022-08-17,VIP,821001,서울시 서초구
CUST00937,권동욱,010-4879-5778,customer937@email.com,2023-04-11,Gold,2091083,서울시 서초구
CUST00938,강민준,010-5276-6161,customer938@email.com,2022-12-06,VIP,4619216,서울시 용산구
CUST00939,조준호,010-7438-6345,customer939@email.com,2023-07-28,Gold,1723911,서울시 서초구
CUST00940,최서연,010-6211-8417,customer940@email.com,2023-09-27,Gold,1543717,서울시 강남구
CUST00941,신지연,010-5455-4827,customer941@email.com,2023-09-07,Bronze,4509352,서울시 강남구
CUST00942,윤서연,010-2223-4321,customer942@email.com,2023-04-30,VIP,2957733,서울시 송파구
CUST00943,한은지,010-3230-2785,customer943@email.com,2024-01-04,Bronze,1305663,서울시 송파구
CUST00944,한동욱,010-3546-2731,customer944@email.com,2023-11-04,VIP,133320,서울시 강동구
CUST00945,임민준,010-3693-8365,customer945@email.com,2023-01-08,VIP,427025,서울시 강동구
CUST00946,김준영,010-8635-6145,customer946@email.com,2024-01-04,Silver,464359,서울시 용산구
CUST00947,강은지,010-7660-2978,customer947@email.com,2023-04-09,VIP,1408507,서울시 송파구
CUST00948,박준영,010-9780-6870,customer948@email.com,2022-04-27,Bronze,4166621,서울시 용산구
CUST00949,임은지,010-4401-8404,customer949@email.com,2022-04-10,Gold,1043187,서울시 강동구
CUST00950,이지연,010-6051-8591,customer950@email.com,2023-11-06,VIP,4093710,서울시 서초구
CUST00951,서태희,010-5341-2964,customer951@email.com,2022-08-16,Silver,1697690,서울시 용산구
CUST00952,최유미,010-2481-3582,customer952@email.com,2022-01-03,Bronze,200734,서울시 서초구
CUST00953,최지연,010-5984-1660,customer953@email.com,2022-12-16,VIP,257702,서울시 용산구
CUST00954,신은지,010-4522-6370,customer954@email.com,2022-12-30,Bronze,2951274,서울시 용산구
CUST00955,강준영,010-3430-2494,customer955@email.com,2023-10-11,Silver,1325811,서울시 강동구
CUST00956,박준영,010-5066-6828,customer956@email.com,2022-10-26,Silver,1247087,서울시 용산구
CUST00957,권유미,010-7492-9412,customer957@email.com,2023-07-15,Bronze,3181091,서울시 강동구
CUST00958,김준호,010-1802-5896,customer958@email.com,2023-06-19,VIP,3929049,서울시 용산구
CUST00959,신지호,010-5262-3848,customer959@email.com,2023-01-18,Gold,2803381,서울시 용산구
CUST00960,박태희,010-1509-7625,customer960@email.com,2023-12-20,Silver,1968670,서울시 송파구
CUST00961,정준영,010-8408-5093,customer961@email.com,2022-04-19,VIP,4393122,서울시 송파구
CUST00962,박서연,010-2551-8570,customer962@email.com,2022-02-16,VIP,4446664,서울시 강동구
CUST00963,한지연,010-2669-3290,customer963@email.com,2022-06-18,Gold,4913673,서울시 용산구
CUST00964,김지호,010-2989-1195,customer964@email.com,2023-05-20,Silver,4855469,서울시 서초구
CUST00965,김혜진,010-2010-4641,customer965@email.com,2022-05-24,Silver,1032817,서울시 강남구
CUST00966,서준영,010-3141-4246,customer966@email.com,2024-01-05,VIP,4435702,서울시 강동구
CUST00967,최유미,010-7563-7098,customer967@email.com,2024-01-09,VIP,3378360,서울시 송파구
CUST00968,강민준,010-2376-5240,customer968@email.com,2023-02-24,Gold,3062732,서울시 송파구
CUST00969,박준호,010-2228-1357,customer969@email.com,2022-04-20,Gold,2280338,서울시 강동구
CUST00970,김지호,010-2056-4239,customer970@email.com,2022-09-18,Silver,2092825,서울시 송파구
CUST00971,오현준,010-8265-3110,customer971@email.com,2023-09-18,Bronze,3932978,서울시 서초구
CUST00972,장서연,010-2506-6432,customer972@email.com,2022-07-20,Silver,4215811,서울시 송파구
CUST00973,오서연,010-3007-1699,customer973@email.com,2022-07-12,VIP,694604,서울시 강남구
CUST00974,윤수진,010-8552-1829,customer974@email.com,2022-05-04,Silver,2149927,서울시 강남구
CUST00975,서혜진,010-3752-8096,customer975@email.com,2023-02-07,Bronze,3274108,서울시 용산구
CUST00976,장유미,010-7471-9128,customer976@email.com,2022-08-09,Gold,2831638,서울시 서초구
CUST00977,이수진,010-1483-7270,customer977@email.com,2023-04-14,Bronze,364500,서울시 송파구
CUST00978,장은지,010-7990-3831,customer978@email.com,2022-07-15,Bronze,2267478,서울시 송파구
CUST00979,임민준,010-6799-4517,customer979@email.com,2024-01-04,Bronze,3076031,서울시 강동구
CUST00980,오준영,010-4066-5505,customer980@email.com,2022-12-13,Gold,739282,서울시 용산구
CUST00981,권지연,010-5585-8307,customer981@email.com,2022-04-21,Bronze,3003633,서울시 강남구
CUST00982,한태희,010-3435-1567,customer982@email.com,2023-03-01,Bronze,2040369,서울시 강동구
CUST00983,정수진,010-5026-5835,customer983@email.com,2022-02-17,Bronze,4048242,서울시 강동구
CUST00984,한민준,010-9173-7750,customer984@email.com,2023-10-11,VIP,1317060,서울시 송파구
CUST00985,김수진,010-8848-1999,customer985@email.com,2023-11-20,Bronze,1131519,서울시 강남구
CUST00986,신현준,010-2437-5583,customer986@email.com,2023-08-26,Gold,889352,서울시 강동구
CUST00987,조동욱,010-7275-3248,customer987@email.com,2022-05-07,Bronze,4778714,서울시 송파구
CUST00988,이수진,010-7868-4267,customer988@email.com,2023-04-07,Bronze,1490281,서울시 용산구
CUST00989,오민수,010-9614-5082,customer989@email.com,2023-04-14,Gold,4041106,서울시 서초구
CUST00990,윤서연,010-9907-1319,customer990@email.com,2023-11-06,Bronze,2422466,서울시 강남구
CUST00991,권서연,010-7266-6883,customer991@email.com,2023-08-27,Gold,1951317,서울시 용산구
CUST00992,강유미,010-8859-9921,customer992@email.com,2023-06-01,Bronze,2046830,서울시 송파구
CUST00993,박서연,010-8940-6636,customer993@email.com,2022-05-18,Gold,2714150,서울시 서초구
CUST00994,박준호,010-9231-6269,customer994@email.com,2023-05-26,Bronze,1668560,서울시 강동구
CUST00995,임동욱,010-7363-5430,customer995@email.com,2022-01-05,Bronze,4760061,서울시 용산구
CUST00996,임태희,010-3946-1427,customer996@email.com,2023-06-28,VIP,2705214,서울시 강동구
CUST00997,오혜진,010-6224-4588,customer997@email.com,2022-02-19,VIP,2329180,서울시 강동구
CUST00998,조유미,010-1480-5602,customer998@email.com,2023-07-21,Bronze,2428599,서울시 서초구
CUST00999,장준호,010-1959-8728,customer999@email.com,2023-03-20,Bronze,1095843,서울시 서초구
CUST01000,윤태희,010-9674-6856,customer1000@email.com,2023-08-23,Silver,4288891,서울시 강동구
